-- MySQL dump 10.13  Distrib 5.5.37, for debian-linux-gnu (x86_64)
--
-- Host: localhost    Database: gooeypress
-- ------------------------------------------------------
-- Server version	5.5.37-0ubuntu0.14.04.1

/*!40101 SET @OLD_CHARACTER_SET_CLIENT=@@CHARACTER_SET_CLIENT */;
/*!40101 SET @OLD_CHARACTER_SET_RESULTS=@@CHARACTER_SET_RESULTS */;
/*!40101 SET @OLD_COLLATION_CONNECTION=@@COLLATION_CONNECTION */;
/*!40101 SET NAMES utf8 */;
/*!40103 SET @OLD_TIME_ZONE=@@TIME_ZONE */;
/*!40103 SET TIME_ZONE='+00:00' */;
/*!40014 SET @OLD_UNIQUE_CHECKS=@@UNIQUE_CHECKS, UNIQUE_CHECKS=0 */;
/*!40014 SET @OLD_FOREIGN_KEY_CHECKS=@@FOREIGN_KEY_CHECKS, FOREIGN_KEY_CHECKS=0 */;
/*!40101 SET @OLD_SQL_MODE=@@SQL_MODE, SQL_MODE='NO_AUTO_VALUE_ON_ZERO' */;
/*!40111 SET @OLD_SQL_NOTES=@@SQL_NOTES, SQL_NOTES=0 */;

--
-- Table structure for table `activities`
--

DROP TABLE IF EXISTS `activities`;
/*!40101 SET @saved_cs_client     = @@character_set_client */;
/*!40101 SET character_set_client = utf8 */;
CREATE TABLE `activities` (
  `id` int(10) unsigned NOT NULL AUTO_INCREMENT,
  `created_at` timestamp NOT NULL DEFAULT '0000-00-00 00:00:00',
  `updated_at` timestamp NOT NULL DEFAULT '0000-00-00 00:00:00',
  `owner_id` int(10) unsigned NOT NULL,
  `theme_id` int(10) unsigned NOT NULL,
  `activity` enum('like','rate','save') COLLATE utf8_unicode_ci NOT NULL,
  PRIMARY KEY (`id`)
) ENGINE=InnoDB AUTO_INCREMENT=14 DEFAULT CHARSET=utf8 COLLATE=utf8_unicode_ci;
/*!40101 SET character_set_client = @saved_cs_client */;

--
-- Dumping data for table `activities`
--

LOCK TABLES `activities` WRITE;
/*!40000 ALTER TABLE `activities` DISABLE KEYS */;
INSERT INTO `activities` VALUES (1,'2014-10-13 19:00:24','2014-10-13 19:00:24',1,3,'save'),(2,'2014-10-13 19:00:30','2014-10-13 19:00:30',1,3,'like'),(3,'2014-10-13 19:00:58','2014-10-13 19:00:58',1,4,'rate'),(4,'2014-10-22 08:56:16','2014-10-22 08:56:16',2,6,'like'),(5,'2014-10-22 08:56:20','2014-10-22 08:56:20',2,6,'like'),(6,'2015-07-20 21:39:54','2015-07-20 21:39:54',2,2,'save'),(7,'2015-07-20 21:40:09','2015-07-20 21:40:09',2,3,'save'),(8,'2015-07-23 01:05:47','2015-07-23 01:05:47',2,4,'save'),(9,'2015-07-23 01:05:57','2015-07-23 01:05:57',2,3,'save'),(10,'2015-07-23 01:06:00','2015-07-23 01:06:00',2,2,'save'),(11,'2015-07-23 01:06:01','2015-07-23 01:06:01',2,1,'save'),(12,'2015-07-23 01:06:05','2015-07-23 01:06:05',2,5,'save'),(13,'2015-07-24 22:25:45','2015-07-24 22:25:45',3,1,'save');
/*!40000 ALTER TABLE `activities` ENABLE KEYS */;
UNLOCK TABLES;

--
-- Table structure for table `adverts`
--

DROP TABLE IF EXISTS `adverts`;
/*!40101 SET @saved_cs_client     = @@character_set_client */;
/*!40101 SET character_set_client = utf8 */;
CREATE TABLE `adverts` (
  `id` int(10) unsigned NOT NULL AUTO_INCREMENT,
  `created_at` timestamp NOT NULL DEFAULT '0000-00-00 00:00:00',
  `updated_at` timestamp NOT NULL DEFAULT '0000-00-00 00:00:00',
  `type` enum('theme','product') COLLATE utf8_unicode_ci NOT NULL,
  `owner_id` int(10) unsigned NOT NULL,
  `theme_id` int(10) unsigned DEFAULT NULL,
  `impression_budget` int(11) NOT NULL,
  `click_budget` int(11) NOT NULL,
  `impressions` int(11) NOT NULL,
  `clicks` int(11) NOT NULL,
  `txn_id` varchar(128) COLLATE utf8_unicode_ci DEFAULT NULL,
  `price` double NOT NULL,
  `qty` double NOT NULL,
  `gross` double NOT NULL,
  `payed_amount` double NOT NULL,
  `status` enum('placed','payed','cancelled','published','suspended') COLLATE utf8_unicode_ci NOT NULL,
  `name` varchar(255) COLLATE utf8_unicode_ci NOT NULL,
  `advert_image_url` text COLLATE utf8_unicode_ci,
  PRIMARY KEY (`id`),
  UNIQUE KEY `adverts_txn_id_unique` (`txn_id`),
  KEY `adverts_owner_id_foreign` (`owner_id`),
  KEY `adverts_theme_id_foreign` (`theme_id`),
  CONSTRAINT `adverts_owner_id_foreign` FOREIGN KEY (`owner_id`) REFERENCES `users` (`id`) ON DELETE CASCADE,
  CONSTRAINT `adverts_theme_id_foreign` FOREIGN KEY (`theme_id`) REFERENCES `themes` (`id`) ON DELETE CASCADE
) ENGINE=InnoDB AUTO_INCREMENT=4 DEFAULT CHARSET=utf8 COLLATE=utf8_unicode_ci;
/*!40101 SET character_set_client = @saved_cs_client */;

--
-- Dumping data for table `adverts`
--

LOCK TABLES `adverts` WRITE;
/*!40000 ALTER TABLE `adverts` DISABLE KEYS */;
INSERT INTO `adverts` VALUES (1,'2014-10-13 19:07:33','2014-10-13 19:20:58','theme',1,3,12000,0,0,0,'7N711753KJ182954K',10,12,120,120,'payed','',NULL),(2,'2014-10-13 19:14:56','2014-10-13 19:21:09','theme',1,4,5000,0,0,0,'27W68589J5210964H',10,5,50,50,'payed','',NULL),(3,'2014-10-13 19:21:22','2014-10-13 19:22:33','theme',1,6,5000,0,0,0,'70171690V7915410C',10,5,50,50,'payed','',NULL);
/*!40000 ALTER TABLE `adverts` ENABLE KEYS */;
UNLOCK TABLES;

--
-- Table structure for table `authors`
--

DROP TABLE IF EXISTS `authors`;
/*!40101 SET @saved_cs_client     = @@character_set_client */;
/*!40101 SET character_set_client = utf8 */;
CREATE TABLE `authors` (
  `id` int(10) unsigned NOT NULL AUTO_INCREMENT,
  `name` varchar(255) COLLATE utf8_unicode_ci NOT NULL,
  `created_at` timestamp NOT NULL DEFAULT '0000-00-00 00:00:00',
  `updated_at` timestamp NOT NULL DEFAULT '0000-00-00 00:00:00',
  PRIMARY KEY (`id`)
) ENGINE=InnoDB AUTO_INCREMENT=3 DEFAULT CHARSET=utf8 COLLATE=utf8_unicode_ci;
/*!40101 SET character_set_client = @saved_cs_client */;

--
-- Dumping data for table `authors`
--

LOCK TABLES `authors` WRITE;
/*!40000 ALTER TABLE `authors` DISABLE KEYS */;
INSERT INTO `authors` VALUES (1,'- No author -','2014-08-25 20:24:55','2014-08-25 20:24:55'),(2,'- Same as vendor -','2014-08-25 20:24:55','2014-08-25 20:24:55');
/*!40000 ALTER TABLE `authors` ENABLE KEYS */;
UNLOCK TABLES;

--
-- Table structure for table `clicks`
--

DROP TABLE IF EXISTS `clicks`;
/*!40101 SET @saved_cs_client     = @@character_set_client */;
/*!40101 SET character_set_client = utf8 */;
CREATE TABLE `clicks` (
  `advert_id` int(10) unsigned NOT NULL,
  `created_at` timestamp NOT NULL DEFAULT '0000-00-00 00:00:00',
  `updated_at` timestamp NOT NULL DEFAULT '0000-00-00 00:00:00',
  `ip` varchar(15) COLLATE utf8_unicode_ci NOT NULL,
  KEY `clicks_advert_id_foreign` (`advert_id`),
  CONSTRAINT `clicks_advert_id_foreign` FOREIGN KEY (`advert_id`) REFERENCES `adverts` (`id`) ON DELETE CASCADE
) ENGINE=InnoDB DEFAULT CHARSET=utf8 COLLATE=utf8_unicode_ci;
/*!40101 SET character_set_client = @saved_cs_client */;

--
-- Dumping data for table `clicks`
--

LOCK TABLES `clicks` WRITE;
/*!40000 ALTER TABLE `clicks` DISABLE KEYS */;
/*!40000 ALTER TABLE `clicks` ENABLE KEYS */;
UNLOCK TABLES;

--
-- Table structure for table `failed_jobs`
--

DROP TABLE IF EXISTS `failed_jobs`;
/*!40101 SET @saved_cs_client     = @@character_set_client */;
/*!40101 SET character_set_client = utf8 */;
CREATE TABLE `failed_jobs` (
  `id` int(10) unsigned NOT NULL AUTO_INCREMENT,
  `connection` text COLLATE utf8_unicode_ci NOT NULL,
  `queue` text COLLATE utf8_unicode_ci NOT NULL,
  `payload` text COLLATE utf8_unicode_ci NOT NULL,
  `failed_at` timestamp NOT NULL DEFAULT '0000-00-00 00:00:00',
  PRIMARY KEY (`id`)
) ENGINE=InnoDB DEFAULT CHARSET=utf8 COLLATE=utf8_unicode_ci;
/*!40101 SET character_set_client = @saved_cs_client */;

--
-- Dumping data for table `failed_jobs`
--

LOCK TABLES `failed_jobs` WRITE;
/*!40000 ALTER TABLE `failed_jobs` DISABLE KEYS */;
/*!40000 ALTER TABLE `failed_jobs` ENABLE KEYS */;
UNLOCK TABLES;

--
-- Table structure for table `genres`
--

DROP TABLE IF EXISTS `genres`;
/*!40101 SET @saved_cs_client     = @@character_set_client */;
/*!40101 SET character_set_client = utf8 */;
CREATE TABLE `genres` (
  `id` int(10) unsigned NOT NULL AUTO_INCREMENT,
  `name` varchar(255) COLLATE utf8_unicode_ci NOT NULL,
  `created_at` timestamp NOT NULL DEFAULT '0000-00-00 00:00:00',
  `updated_at` timestamp NOT NULL DEFAULT '0000-00-00 00:00:00',
  PRIMARY KEY (`id`)
) ENGINE=InnoDB AUTO_INCREMENT=3 DEFAULT CHARSET=utf8 COLLATE=utf8_unicode_ci;
/*!40101 SET character_set_client = @saved_cs_client */;

--
-- Dumping data for table `genres`
--

LOCK TABLES `genres` WRITE;
/*!40000 ALTER TABLE `genres` DISABLE KEYS */;
INSERT INTO `genres` VALUES (1,'- No genre -','2014-08-25 20:24:55','2014-08-25 20:24:55'),(2,'Blog','2014-08-25 20:37:48','2014-08-25 20:37:48');
/*!40000 ALTER TABLE `genres` ENABLE KEYS */;
UNLOCK TABLES;

--
-- Table structure for table `impressions`
--

DROP TABLE IF EXISTS `impressions`;
/*!40101 SET @saved_cs_client     = @@character_set_client */;
/*!40101 SET character_set_client = utf8 */;
CREATE TABLE `impressions` (
  `advert_id` int(10) unsigned NOT NULL,
  `created_at` timestamp NOT NULL DEFAULT '0000-00-00 00:00:00',
  `updated_at` timestamp NOT NULL DEFAULT '0000-00-00 00:00:00',
  `ip` varchar(15) COLLATE utf8_unicode_ci NOT NULL,
  KEY `impressions_advert_id_foreign` (`advert_id`),
  CONSTRAINT `impressions_advert_id_foreign` FOREIGN KEY (`advert_id`) REFERENCES `adverts` (`id`) ON DELETE CASCADE
) ENGINE=InnoDB DEFAULT CHARSET=utf8 COLLATE=utf8_unicode_ci;
/*!40101 SET character_set_client = @saved_cs_client */;

--
-- Dumping data for table `impressions`
--

LOCK TABLES `impressions` WRITE;
/*!40000 ALTER TABLE `impressions` DISABLE KEYS */;
/*!40000 ALTER TABLE `impressions` ENABLE KEYS */;
UNLOCK TABLES;

--
-- Table structure for table `layout_theme`
--

DROP TABLE IF EXISTS `layout_theme`;
/*!40101 SET @saved_cs_client     = @@character_set_client */;
/*!40101 SET character_set_client = utf8 */;
CREATE TABLE `layout_theme` (
  `theme_id` int(10) unsigned NOT NULL,
  `layout_id` int(10) unsigned NOT NULL,
  `url` text COLLATE utf8_unicode_ci NOT NULL,
  `screenshot` text COLLATE utf8_unicode_ci NOT NULL,
  KEY `layout_theme_theme_id_foreign` (`theme_id`),
  KEY `layout_theme_layout_id_foreign` (`layout_id`),
  CONSTRAINT `layout_theme_layout_id_foreign` FOREIGN KEY (`layout_id`) REFERENCES `layouts` (`id`) ON DELETE CASCADE,
  CONSTRAINT `layout_theme_theme_id_foreign` FOREIGN KEY (`theme_id`) REFERENCES `themes` (`id`) ON DELETE CASCADE
) ENGINE=InnoDB DEFAULT CHARSET=utf8 COLLATE=utf8_unicode_ci;
/*!40101 SET character_set_client = @saved_cs_client */;

--
-- Dumping data for table `layout_theme`
--

LOCK TABLES `layout_theme` WRITE;
/*!40000 ALTER TABLE `layout_theme` DISABLE KEYS */;
INSERT INTO `layout_theme` VALUES (2,2,'http://www.elegantthemes.com/demo/?theme=Chameleon','399/6502b9cea2073007137c2fbc60d87'),(3,2,'http://www.elegantthemes.com/demo/?theme=Fusion','d3f/0a164a87e928154932410fc125ffa'),(1,2,'http://www.elegantthemes.com/demo/?theme=Explorable','7a2/f9153444259079e5544077cee5b60'),(4,2,'http://www.elegantthemes.com/demo/?theme=Fable','0ea/02ff126e57d79e11dcb47400d1a43'),(5,2,'http://www.elegantthemes.com/demo/?theme=Origin','14f/71fc2887c0f9717bddc393938149b'),(6,2,'http://www.elegantthemes.com/demo/?theme=eStore','e32/fd4fb30b74561d93f43c3e09a8b43');
/*!40000 ALTER TABLE `layout_theme` ENABLE KEYS */;
UNLOCK TABLES;

--
-- Table structure for table `layouts`
--

DROP TABLE IF EXISTS `layouts`;
/*!40101 SET @saved_cs_client     = @@character_set_client */;
/*!40101 SET character_set_client = utf8 */;
CREATE TABLE `layouts` (
  `id` int(10) unsigned NOT NULL AUTO_INCREMENT,
  `name` varchar(255) COLLATE utf8_unicode_ci NOT NULL,
  `created_at` timestamp NOT NULL DEFAULT '0000-00-00 00:00:00',
  `updated_at` timestamp NOT NULL DEFAULT '0000-00-00 00:00:00',
  PRIMARY KEY (`id`)
) ENGINE=InnoDB AUTO_INCREMENT=3 DEFAULT CHARSET=utf8 COLLATE=utf8_unicode_ci;
/*!40101 SET character_set_client = @saved_cs_client */;

--
-- Dumping data for table `layouts`
--

LOCK TABLES `layouts` WRITE;
/*!40000 ALTER TABLE `layouts` DISABLE KEYS */;
INSERT INTO `layouts` VALUES (1,'- None -','2014-08-25 20:24:55','2014-08-25 20:24:55'),(2,'Single Column','2014-08-25 20:37:28','2014-08-25 20:37:28');
/*!40000 ALTER TABLE `layouts` ENABLE KEYS */;
UNLOCK TABLES;

--
-- Table structure for table `licences`
--

DROP TABLE IF EXISTS `licences`;
/*!40101 SET @saved_cs_client     = @@character_set_client */;
/*!40101 SET character_set_client = utf8 */;
CREATE TABLE `licences` (
  `id` int(10) unsigned NOT NULL AUTO_INCREMENT,
  `name` varchar(255) COLLATE utf8_unicode_ci NOT NULL,
  `url` text COLLATE utf8_unicode_ci NOT NULL,
  `created_at` timestamp NOT NULL DEFAULT '0000-00-00 00:00:00',
  `updated_at` timestamp NOT NULL DEFAULT '0000-00-00 00:00:00',
  PRIMARY KEY (`id`)
) ENGINE=InnoDB AUTO_INCREMENT=3 DEFAULT CHARSET=utf8 COLLATE=utf8_unicode_ci;
/*!40101 SET character_set_client = @saved_cs_client */;

--
-- Dumping data for table `licences`
--

LOCK TABLES `licences` WRITE;
/*!40000 ALTER TABLE `licences` DISABLE KEYS */;
INSERT INTO `licences` VALUES (1,'- No licence -','','2014-08-25 20:24:55','2014-08-25 20:24:55'),(2,'GPL v2.0','','2014-08-25 20:37:11','2014-08-25 20:37:11');
/*!40000 ALTER TABLE `licences` ENABLE KEYS */;
UNLOCK TABLES;

--
-- Table structure for table `likes`
--

DROP TABLE IF EXISTS `likes`;
/*!40101 SET @saved_cs_client     = @@character_set_client */;
/*!40101 SET character_set_client = utf8 */;
CREATE TABLE `likes` (
  `id` int(10) unsigned NOT NULL AUTO_INCREMENT,
  `created_at` timestamp NOT NULL DEFAULT '0000-00-00 00:00:00',
  `updated_at` timestamp NOT NULL DEFAULT '0000-00-00 00:00:00',
  `user_id` int(10) unsigned NOT NULL,
  `theme_id` int(10) unsigned NOT NULL,
  PRIMARY KEY (`id`),
  KEY `likes_user_id_foreign` (`user_id`),
  KEY `likes_theme_id_foreign` (`theme_id`),
  CONSTRAINT `likes_theme_id_foreign` FOREIGN KEY (`theme_id`) REFERENCES `themes` (`id`) ON DELETE CASCADE,
  CONSTRAINT `likes_user_id_foreign` FOREIGN KEY (`user_id`) REFERENCES `users` (`id`) ON DELETE CASCADE
) ENGINE=InnoDB AUTO_INCREMENT=5 DEFAULT CHARSET=utf8 COLLATE=utf8_unicode_ci;
/*!40101 SET character_set_client = @saved_cs_client */;

--
-- Dumping data for table `likes`
--

LOCK TABLES `likes` WRITE;
/*!40000 ALTER TABLE `likes` DISABLE KEYS */;
INSERT INTO `likes` VALUES (1,'2014-08-25 21:06:25','2014-08-25 21:06:25',1,2),(2,'2014-10-13 19:00:30','2014-10-13 19:00:30',1,3),(4,'2014-10-22 08:56:20','2014-10-22 08:56:20',2,6);
/*!40000 ALTER TABLE `likes` ENABLE KEYS */;
UNLOCK TABLES;

--
-- Table structure for table `migrations`
--

DROP TABLE IF EXISTS `migrations`;
/*!40101 SET @saved_cs_client     = @@character_set_client */;
/*!40101 SET character_set_client = utf8 */;
CREATE TABLE `migrations` (
  `migration` varchar(255) COLLATE utf8_unicode_ci NOT NULL,
  `batch` int(11) NOT NULL
) ENGINE=InnoDB DEFAULT CHARSET=utf8 COLLATE=utf8_unicode_ci;
/*!40101 SET character_set_client = @saved_cs_client */;

--
-- Dumping data for table `migrations`
--

LOCK TABLES `migrations` WRITE;
/*!40000 ALTER TABLE `migrations` DISABLE KEYS */;
INSERT INTO `migrations` VALUES ('2014_04_18_070431_init',1),('2014_04_18_073015_create_user_table',1),('2014_04_18_114553_remember_token',1),('2014_04_21_032130_default_values',1),('2014_04_23_090219_n_complete',1),('2014_08_19_025718_Screenshot',1),('2014_08_19_030438_DefaultScreenshot',1),('2014_08_19_094552_theme_hash',1),('2014_08_20_024347_platform_licence_responsive',1),('2014_08_20_025731_platform_licence_foreign_key',1),('2014_08_24_054619_theme_status',1),('2014_08_24_055956_reviews',1),('2014_08_24_082908_user_details',1),('2014_08_24_091534_theme_rating_fields',1),('2014_08_24_125816_theme_yslow',1),('2014_08_25_134050_user_extras',1),('2014_08_25_151829_theme_likes',1),('2014_09_07_051712_advert_tables',2),('2014_10_06_030314_add_extra_user_fields_to_users_table',2),('2014_10_06_055531_create_saved_themes_table',2),('2014_10_07_053520_create_activities_table',2),('2014_10_07_110000_add_preference_to_users_table',2),('2014_10_09_051403_create_failed_jobs_table',2),('2014_10_09_105233_add_performance_fields_to_themes_table',2),('2014_10_11_020945_alter_themes_table_to_change_state_representation',2),('2014_10_12_080425_add_performance_levels_to_themes_table',2);
/*!40000 ALTER TABLE `migrations` ENABLE KEYS */;
UNLOCK TABLES;

--
-- Table structure for table `platforms`
--

DROP TABLE IF EXISTS `platforms`;
/*!40101 SET @saved_cs_client     = @@character_set_client */;
/*!40101 SET character_set_client = utf8 */;
CREATE TABLE `platforms` (
  `id` int(10) unsigned NOT NULL AUTO_INCREMENT,
  `name` varchar(255) COLLATE utf8_unicode_ci NOT NULL,
  `url` text COLLATE utf8_unicode_ci NOT NULL,
  `created_at` timestamp NOT NULL DEFAULT '0000-00-00 00:00:00',
  `updated_at` timestamp NOT NULL DEFAULT '0000-00-00 00:00:00',
  PRIMARY KEY (`id`)
) ENGINE=InnoDB AUTO_INCREMENT=3 DEFAULT CHARSET=utf8 COLLATE=utf8_unicode_ci;
/*!40101 SET character_set_client = @saved_cs_client */;

--
-- Dumping data for table `platforms`
--

LOCK TABLES `platforms` WRITE;
/*!40000 ALTER TABLE `platforms` DISABLE KEYS */;
INSERT INTO `platforms` VALUES (1,'- No platform -','','2014-08-25 20:24:55','2014-08-25 20:24:55'),(2,'WordPress','','2014-08-25 20:37:05','2014-08-25 20:37:05');
/*!40000 ALTER TABLE `platforms` ENABLE KEYS */;
UNLOCK TABLES;

--
-- Table structure for table `requirements`
--

DROP TABLE IF EXISTS `requirements`;
/*!40101 SET @saved_cs_client     = @@character_set_client */;
/*!40101 SET character_set_client = utf8 */;
CREATE TABLE `requirements` (
  `id` int(10) unsigned NOT NULL AUTO_INCREMENT,
  `name` varchar(255) COLLATE utf8_unicode_ci NOT NULL,
  `created_at` timestamp NOT NULL DEFAULT '0000-00-00 00:00:00',
  `updated_at` timestamp NOT NULL DEFAULT '0000-00-00 00:00:00',
  PRIMARY KEY (`id`)
) ENGINE=InnoDB AUTO_INCREMENT=3 DEFAULT CHARSET=utf8 COLLATE=utf8_unicode_ci;
/*!40101 SET character_set_client = @saved_cs_client */;

--
-- Dumping data for table `requirements`
--

LOCK TABLES `requirements` WRITE;
/*!40000 ALTER TABLE `requirements` DISABLE KEYS */;
INSERT INTO `requirements` VALUES (1,'- Requirement not specified -','2014-08-25 20:24:55','2014-08-25 20:24:55'),(2,'No requirements','2014-08-25 20:24:55','2014-08-25 20:24:55');
/*!40000 ALTER TABLE `requirements` ENABLE KEYS */;
UNLOCK TABLES;

--
-- Table structure for table `reviews`
--

DROP TABLE IF EXISTS `reviews`;
/*!40101 SET @saved_cs_client     = @@character_set_client */;
/*!40101 SET character_set_client = utf8 */;
CREATE TABLE `reviews` (
  `id` int(10) unsigned NOT NULL AUTO_INCREMENT,
  `theme_id` int(10) unsigned NOT NULL,
  `user_id` int(10) unsigned NOT NULL,
  `created_at` timestamp NOT NULL DEFAULT '0000-00-00 00:00:00',
  `updated_at` timestamp NOT NULL DEFAULT '0000-00-00 00:00:00',
  `comment` text COLLATE utf8_unicode_ci NOT NULL,
  `rating` int(11) NOT NULL,
  `purchased` enum('no','yes') COLLATE utf8_unicode_ci NOT NULL,
  PRIMARY KEY (`id`),
  KEY `reviews_theme_id_foreign` (`theme_id`),
  KEY `reviews_user_id_foreign` (`user_id`),
  CONSTRAINT `reviews_theme_id_foreign` FOREIGN KEY (`theme_id`) REFERENCES `themes` (`id`) ON DELETE CASCADE,
  CONSTRAINT `reviews_user_id_foreign` FOREIGN KEY (`user_id`) REFERENCES `users` (`id`) ON DELETE CASCADE
) ENGINE=InnoDB AUTO_INCREMENT=4 DEFAULT CHARSET=utf8 COLLATE=utf8_unicode_ci;
/*!40101 SET character_set_client = @saved_cs_client */;

--
-- Dumping data for table `reviews`
--

LOCK TABLES `reviews` WRITE;
/*!40000 ALTER TABLE `reviews` DISABLE KEYS */;
INSERT INTO `reviews` VALUES (1,2,1,'2014-08-25 21:06:17','2014-08-25 21:06:17','Nulla consequat massa quis enim. Donec pede justo, fringilla vel, aliquet nec, vulputate eget, arcu. In enim justo, rhoncus ut, imperdiet a, venenatis vitae, justo. Nullam dictum felis eu pede mollis pretium. Integer tincidunt. Cras dapibus. Vivamus elementum semper nisi.',4,'no'),(2,3,1,'2014-08-25 21:08:48','2014-09-19 14:51:33',' <iframe src=\"http://www.w3schools.com\"></iframe> ',0,'no'),(3,4,1,'2014-10-13 19:00:58','2014-10-13 19:00:58','Nice theme.',3,'no');
/*!40000 ALTER TABLE `reviews` ENABLE KEYS */;
UNLOCK TABLES;

--
-- Table structure for table `saved_themes`
--

DROP TABLE IF EXISTS `saved_themes`;
/*!40101 SET @saved_cs_client     = @@character_set_client */;
/*!40101 SET character_set_client = utf8 */;
CREATE TABLE `saved_themes` (
  `theme_id` int(10) unsigned NOT NULL,
  `owner_id` int(10) unsigned NOT NULL,
  `created_at` timestamp NOT NULL DEFAULT '0000-00-00 00:00:00',
  `updated_at` timestamp NOT NULL DEFAULT '0000-00-00 00:00:00'
) ENGINE=InnoDB DEFAULT CHARSET=utf8 COLLATE=utf8_unicode_ci;
/*!40101 SET character_set_client = @saved_cs_client */;

--
-- Dumping data for table `saved_themes`
--

LOCK TABLES `saved_themes` WRITE;
/*!40000 ALTER TABLE `saved_themes` DISABLE KEYS */;
INSERT INTO `saved_themes` VALUES (3,1,'2014-10-13 19:00:24','2014-10-13 19:00:24'),(4,2,'2015-07-23 01:05:47','2015-07-23 01:05:47'),(3,2,'2015-07-23 01:05:57','2015-07-23 01:05:57'),(1,3,'2015-07-24 22:25:45','2015-07-24 22:25:45');
/*!40000 ALTER TABLE `saved_themes` ENABLE KEYS */;
UNLOCK TABLES;

--
-- Table structure for table `styles`
--

DROP TABLE IF EXISTS `styles`;
/*!40101 SET @saved_cs_client     = @@character_set_client */;
/*!40101 SET character_set_client = utf8 */;
CREATE TABLE `styles` (
  `id` int(10) unsigned NOT NULL AUTO_INCREMENT,
  `name` varchar(255) COLLATE utf8_unicode_ci NOT NULL,
  `created_at` timestamp NOT NULL DEFAULT '0000-00-00 00:00:00',
  `updated_at` timestamp NOT NULL DEFAULT '0000-00-00 00:00:00',
  PRIMARY KEY (`id`)
) ENGINE=InnoDB AUTO_INCREMENT=3 DEFAULT CHARSET=utf8 COLLATE=utf8_unicode_ci;
/*!40101 SET character_set_client = @saved_cs_client */;

--
-- Dumping data for table `styles`
--

LOCK TABLES `styles` WRITE;
/*!40000 ALTER TABLE `styles` DISABLE KEYS */;
INSERT INTO `styles` VALUES (1,'- No style -','2014-08-25 20:24:55','2014-08-25 20:24:55'),(2,'Flat','2014-08-25 20:37:40','2014-08-25 20:37:40');
/*!40000 ALTER TABLE `styles` ENABLE KEYS */;
UNLOCK TABLES;

--
-- Table structure for table `themes`
--

DROP TABLE IF EXISTS `themes`;
/*!40101 SET @saved_cs_client     = @@character_set_client */;
/*!40101 SET character_set_client = utf8 */;
CREATE TABLE `themes` (
  `id` int(10) unsigned NOT NULL AUTO_INCREMENT,
  `created_at` timestamp NOT NULL DEFAULT '0000-00-00 00:00:00',
  `updated_at` timestamp NOT NULL DEFAULT '0000-00-00 00:00:00',
  `title` text COLLATE utf8_unicode_ci NOT NULL,
  `notes` text COLLATE utf8_unicode_ci NOT NULL,
  `price` double NOT NULL DEFAULT '-1',
  `price_type` enum('none','free','fixed','membership') COLLATE utf8_unicode_ci NOT NULL DEFAULT 'none',
  `link_purchase` text COLLATE utf8_unicode_ci NOT NULL,
  `link_demo` text COLLATE utf8_unicode_ci NOT NULL,
  `level` enum('none','A','B','C','D') COLLATE utf8_unicode_ci NOT NULL DEFAULT 'none',
  `style_id` int(10) unsigned NOT NULL,
  `genre_id` int(10) unsigned NOT NULL,
  `vendor_id` int(10) unsigned NOT NULL,
  `author_id` int(10) unsigned NOT NULL,
  `requirement_id` int(10) unsigned NOT NULL,
  `default_layout_id` int(10) unsigned NOT NULL,
  `n_complete` int(11) NOT NULL,
  `screenshot` text COLLATE utf8_unicode_ci NOT NULL,
  `hash` varchar(12) COLLATE utf8_unicode_ci NOT NULL,
  `responsive` enum('yes','no') COLLATE utf8_unicode_ci NOT NULL,
  `licence_id` int(10) unsigned NOT NULL,
  `platform_id` int(10) unsigned NOT NULL,
  `rating` double NOT NULL,
  `rating_count` int(11) NOT NULL,
  `yslow` text COLLATE utf8_unicode_ci NOT NULL,
  `likes_count` int(11) NOT NULL,
  `is_active_advert` enum('no','yes') COLLATE utf8_unicode_ci NOT NULL,
  `performance` int(11) NOT NULL,
  `performance_http_requests` int(11) NOT NULL,
  `performance_page_weight` int(11) NOT NULL,
  `performance_code_quality` int(11) NOT NULL,
  `performance_render_speed` int(11) NOT NULL,
  `performance_code_placement` int(11) NOT NULL,
  `performance_compression` int(11) NOT NULL,
  `state` enum('draft','completed','ready') COLLATE utf8_unicode_ci NOT NULL,
  `publication_status` enum('pending','published') COLLATE utf8_unicode_ci NOT NULL,
  `level_overall` int(11) NOT NULL,
  `level_http_requests` int(11) NOT NULL,
  `level_page_weight` int(11) NOT NULL,
  `level_code_quality` int(11) NOT NULL,
  `level_render_speed` int(11) NOT NULL,
  `level_code_placement` int(11) NOT NULL,
  `level_compression` int(11) NOT NULL,
  PRIMARY KEY (`id`),
  UNIQUE KEY `themes_hash_unique` (`hash`),
  KEY `themes_style_id_foreign` (`style_id`),
  KEY `themes_genre_id_foreign` (`genre_id`),
  KEY `themes_vendor_id_foreign` (`vendor_id`),
  KEY `themes_author_id_foreign` (`author_id`),
  KEY `themes_requirement_id_foreign` (`requirement_id`),
  KEY `themes_default_layout_id_foreign` (`default_layout_id`),
  KEY `themes_licence_id_foreign` (`licence_id`),
  KEY `themes_platform_id_foreign` (`platform_id`),
  CONSTRAINT `themes_author_id_foreign` FOREIGN KEY (`author_id`) REFERENCES `authors` (`id`) ON DELETE CASCADE,
  CONSTRAINT `themes_default_layout_id_foreign` FOREIGN KEY (`default_layout_id`) REFERENCES `layouts` (`id`) ON DELETE CASCADE,
  CONSTRAINT `themes_genre_id_foreign` FOREIGN KEY (`genre_id`) REFERENCES `genres` (`id`) ON DELETE CASCADE,
  CONSTRAINT `themes_licence_id_foreign` FOREIGN KEY (`licence_id`) REFERENCES `licences` (`id`) ON DELETE CASCADE,
  CONSTRAINT `themes_platform_id_foreign` FOREIGN KEY (`platform_id`) REFERENCES `platforms` (`id`) ON DELETE CASCADE,
  CONSTRAINT `themes_requirement_id_foreign` FOREIGN KEY (`requirement_id`) REFERENCES `requirements` (`id`) ON DELETE CASCADE,
  CONSTRAINT `themes_style_id_foreign` FOREIGN KEY (`style_id`) REFERENCES `styles` (`id`) ON DELETE CASCADE,
  CONSTRAINT `themes_vendor_id_foreign` FOREIGN KEY (`vendor_id`) REFERENCES `vendors` (`id`) ON DELETE CASCADE
) ENGINE=InnoDB AUTO_INCREMENT=222 DEFAULT CHARSET=utf8 COLLATE=utf8_unicode_ci;
/*!40101 SET character_set_client = @saved_cs_client */;

--
-- Dumping data for table `themes`
--

LOCK TABLES `themes` WRITE;
/*!40000 ALTER TABLE `themes` DISABLE KEYS */;
INSERT INTO `themes` VALUES (1,'2014-08-25 20:24:55','2014-10-13 18:57:09','Explorable WordPress Theme','<p>notes</p>\r\n',69,'fixed','http://www.elegantthemes.com/gallery/explorable/','http://www.elegantthemes.com/demo/?theme=Explorable','B',2,2,2,2,2,2,15,'7a2/f9153444259079e5544077cee5b60','FtWx0ZIxjfrc','yes',2,2,0,0,'{\"v\":\"3.1.8\",\"w\":1354868,\"o\":78,\"u\":\"http%3A%2F%2Fwww.elegantthemes.com%2Fdemo%2F%3Ftheme%3DExplorable\",\"r\":121,\"i\":\"ydefault\",\"lt\":1509,\"g\":{\"ynumreq\":{\"score\":0,\"message\":\"This page has 33 external Javascript scripts.  Try combining them into one.\\nThis page has 15 external stylesheets.  Try combining them into one.\\nThis page has 22 external background images.  Try combining them with CSS sprites.\",\"components\":[]},\"ycdn\":{\"score\":0,\"message\":\"There are 105 static components that are not on CDN. <p>You can specify CDN hostnames in your preferences. See <a href=\\\"https:\\/\\/github.com\\/marcelduran\\/yslow\\/wiki\\/FAQ#wiki-faq_cdn\\\">YSlow FAQ<\\/a> for details.<\\/p>\",\"components\":[\"cdn.elegantthemes.com%3A%2079%20components%2C%201255.7K%20(181.4K%20GZip)\",\"fonts.googleapis.com%3A%204%20components%2C%203.2K%20(0.9K%20GZip)\",\"www.elegantthemes.com%3A%204%20components%2C%206.8K%20(1.0K%20GZip)\",\"elegantthemes.com%3A%203%20components%2C%202.0K%20(0.6K%20GZip)\",\"maps.google.com%3A%201%20component%2C%205.0K%20(1.6K%20GZip)\",\"maps.gstatic.com%3A%205%20components%2C%20436.4K%20(145.4K%20GZip)\",\"maps.googleapis.com%3A%202%20components%2C%2034.3K%20(4.9K%20GZip)\",\"mt0.googleapis.com%3A%203%20components%2C%2043.3K%20(0.09K%20GZip)\",\"mt1.googleapis.com%3A%204%20components%2C%2069.6K\"]},\"yemptysrc\":{\"score\":100,\"message\":\"\",\"components\":[]},\"yexpires\":{\"score\":0,\"message\":\"There are 10 static components without a far-future expiration date.\",\"components\":[\"https%3A%2F%2Ffonts.googleapis.com%2Fcss%3Ffamily%3DGoudy%2BBookletter%2B1911\",\"http%3A%2F%2Fwww.google-analytics.com%2Fga.js\",\"http%3A%2F%2Ffonts.googleapis.com%2Fcss%3Ffamily%3DRoboto%3A300%2C400%2C500%2C700\",\"http%3A%2F%2Ffonts.googleapis.com%2Fcss%3Ffamily%3DOpen%2BSans%3A300italic%2C700italic%2C800italic%2C400%2C300%2C700%2C800%26subset%3Dlatin%2Clatin-ext\",\"http%3A%2F%2Ffonts.googleapis.com%2Fcss%3Ffamily%3DLobster%26subset%3Dlatin%2Clatin-ext\",\"http%3A%2F%2Fmaps.google.com%2Fmaps%2Fapi%2Fjs%3Fsensor%3Dfalse%26ver%3D1.0\",\"http%3A%2F%2Fmaps.googleapis.com%2Fmaps%2Fapi%2Fjs%2FViewportInfoService.GetViewportInfo%3F1m6%261m2%261d-13.77351745514233%262d172.68016261006437%262m2%261d71.62229076674012%262d24.792331419256243%262u3%264sen-US%265e0%266sm%2540277000000%267b0%268e0%269b0%2610b1%26callback%3D_xdc_._2hmorq%26token%3D70113\",\"https%3A%2F%2Felegantthemes.com%2Fpreview%2FExplorable%2Fwp-admin%2Fjs%2Firis.min.js%3Fver%3D4.0\",\"https%3A%2F%2Felegantthemes.com%2Fpreview%2FExplorable%2Fwp-admin%2Fjs%2Fcolor-picker.min.js%3Fver%3D4.0\",\"http%3A%2F%2Fmaps.googleapis.com%2Fmaps%2Fapi%2Fjs%2FStaticMapService.GetMapImage%3F1m2%261i360%262i763%262e1%263u3%264m2%261u400%262u180%265m6%261e0%265sen-US%266sus%2610b1%2611b1%2612b1%26token%3D44804\"]},\"ycompress\":{\"score\":100,\"message\":\"\",\"components\":[]},\"ycsstop\":{\"score\":100,\"message\":\"\",\"components\":[]},\"yjsbottom\":{\"score\":100,\"message\":\"\",\"components\":[]},\"yexpressions\":{\"score\":100,\"message\":\"\",\"components\":[]},\"yexternal\":{\"message\":\"Only consider this if your property is a common user home page.\",\"components\":[\"There%20is%20a%20total%20of%201%20inline%20css\",\"There%20is%20a%20total%20of%203%20inline%20scripts\"]},\"ydns\":{\"score\":65,\"message\":\"The components are split over more than 4 domains\",\"components\":[\"www.elegantthemes.com%3A%206%20components%2C%20103.5K%20(6.8K%20GZip)\",\"cdn.elegantthemes.com%3A%2079%20components%2C%201255.7K%20(181.4K%20GZip)\",\"fonts.googleapis.com%3A%204%20components%2C%203.2K%20(0.9K%20GZip)\",\"fonts.gstatic.com%3A%2013%20components%2C%20696.0K%20(151.3K%20GZip)\",\"www.google-analytics.com%3A%201%20component%2C%2040.9K%20(13.6K%20GZip)\",\"elegantthemes.com%3A%203%20components%2C%202.0K%20(0.6K%20GZip)\",\"maps.google.com%3A%201%20component%2C%205.0K%20(1.6K%20GZip)\",\"maps.gstatic.com%3A%205%20components%2C%20436.4K%20(145.4K%20GZip)\",\"maps.googleapis.com%3A%202%20components%2C%2034.3K%20(4.9K%20GZip)\",\"mt0.googleapis.com%3A%203%20components%2C%2043.3K%20(0.09K%20GZip)\",\"mt1.googleapis.com%3A%204%20components%2C%2069.6K\"]},\"yminify\":{\"score\":80,\"message\":\"There are 2 components that can be minified\",\"components\":[\"http%3A%2F%2Fcdn.elegantthemes.com%2Fpreview%2FExplorable%2Fwp-content%2Fthemes%2FExplorable%2Fjs%2Fjquery.fitvids.js%3Fver%3D1.0\",\"inline%20%26lt%3Bscript%26gt%3B%20tag%20%231\"]},\"yredirects\":{\"score\":100,\"message\":\"\",\"components\":[]},\"ydupes\":{\"score\":100,\"message\":\"\",\"components\":[]},\"yetags\":{\"score\":100,\"message\":\"\",\"components\":[]},\"yxhr\":{\"score\":100,\"message\":\"\",\"components\":[]},\"yxhrmethod\":{\"score\":100,\"message\":\"\",\"components\":[]},\"ymindom\":{\"score\":100,\"message\":\"\",\"components\":[]},\"yno404\":{\"score\":100,\"message\":\"\",\"components\":[]},\"ymincookie\":{\"score\":100,\"message\":\"\",\"components\":[]},\"ycookiefree\":{\"score\":100,\"message\":\"\",\"components\":[]},\"ynofilter\":{\"score\":100,\"message\":\"\",\"components\":[]},\"yimgnoscale\":{\"score\":100,\"message\":\"\",\"components\":[]},\"yfavicon\":{\"score\":100,\"message\":\"\",\"components\":[]}},\"w_c\":33226,\"r_c\":12,\"stats\":{\"doc\":{\"r\":1,\"w\":5747},\"css\":{\"r\":15,\"w\":70143},\"font\":{\"r\":13,\"w\":151333},\"js\":{\"r\":33,\"w\":280297},\"cssimage\":{\"r\":22,\"w\":34929},\"favicon\":{\"r\":1,\"w\":1150},\"iframe\":{\"r\":1,\"w\":-1},\"image\":{\"r\":35,\"w\":811270}},\"stats_c\":{\"doc\":{\"r\":1,\"w\":5747},\"css\":{\"r\":4,\"w\":1421},\"js\":{\"r\":5,\"w\":6639},\"iframe\":{\"r\":1,\"w\":-1},\"image\":{\"r\":1,\"w\":19420}},\"comps\":[]}',0,'no',0,0,1354868,1145,1509,200,100,'ready','published',7,10,6,10,6,10,10),(2,'2014-08-25 20:24:55','2014-10-13 18:57:29','Chameleon WordPress Theme','<p>Notes</p>\r\n',69,'fixed','http://www.elegantthemes.com/gallery/chameleon/','http://www.elegantthemes.com/demo/?theme=Chameleon','B',2,2,2,2,2,2,15,'399/6502b9cea2073007137c2fbc60d87','mmNCWeKYZDXq','yes',2,2,4,1,'{\"v\":\"3.1.8\",\"w\":3408146,\"o\":82,\"u\":\"http%3A%2F%2Fwww.elegantthemes.com%2Fdemo%2F%3Ftheme%3DChameleon\",\"r\":131,\"i\":\"ydefault\",\"lt\":1671,\"g\":{\"ynumreq\":{\"score\":0,\"message\":\"This page has 21 external Javascript scripts.  Try combining them into one.\\nThis page has 15 external stylesheets.  Try combining them into one.\\nThis page has 64 external background images.  Try combining them with CSS sprites.\",\"components\":[]},\"ycdn\":{\"score\":0,\"message\":\"There are 121 static components that are not on CDN. <p>You can specify CDN hostnames in your preferences. See <a href=\\\"https:\\/\\/github.com\\/marcelduran\\/yslow\\/wiki\\/FAQ#wiki-faq_cdn\\\">YSlow FAQ<\\/a> for details.<\\/p>\",\"components\":[\"cdn.elegantthemes.com%3A%20104%20components%2C%203011.4K%20(167.7K%20GZip)\",\"fonts.googleapis.com%3A%204%20components%2C%201.5K%20(0.1K%20GZip)\",\"www.elegantthemes.com%3A%205%20components%2C%207.2K%20(1.2K%20GZip)\",\"elegantthemes.com%3A%205%20components%2C%20510.1K\",\"s.ytimg.com%3A%202%20components%2C%20356.4K%20(118.8K%20GZip)\",\"www.google.com%3A%201%20component%2C%2014.5K%20(4.8K%20GZip)\"]},\"yemptysrc\":{\"score\":100,\"message\":\"\",\"components\":[]},\"yexpires\":{\"score\":45,\"message\":\"There are 5 static components without a far-future expiration date.\",\"components\":[\"https%3A%2F%2Ffonts.googleapis.com%2Fcss%3Ffamily%3DGoudy%2BBookletter%2B1911\",\"http%3A%2F%2Fwww.google-analytics.com%2Fga.js\",\"http%3A%2F%2Ffonts.googleapis.com%2Fcss%3Ffamily%3DDroid%2BSans%3Aregular%2Cbold\",\"http%3A%2F%2Ffonts.googleapis.com%2Fcss%3Ffamily%3DKreon%3Alight%2Cregular\",\"http%3A%2F%2Ffonts.googleapis.com%2Fcss%3Ffamily%3DDroid%2BSans\"]},\"ycompress\":{\"score\":100,\"message\":\"\",\"components\":[]},\"ycsstop\":{\"score\":100,\"message\":\"\",\"components\":[]},\"yjsbottom\":{\"score\":100,\"message\":\"\",\"components\":[]},\"yexpressions\":{\"score\":100,\"message\":\"\",\"components\":[]},\"yexternal\":{\"message\":\"Only consider this if your property is a common user home page.\",\"components\":[\"There%20is%20a%20total%20of%201%20inline%20css\",\"There%20is%20a%20total%20of%203%20inline%20scripts\"]},\"ydns\":{\"score\":75,\"message\":\"The components are split over more than 4 domains\",\"components\":[\"www.elegantthemes.com%3A%207%20components%2C%2065.7K%20(20.7K%20GZip)\",\"cdn.elegantthemes.com%3A%20104%20components%2C%203011.4K%20(167.7K%20GZip)\",\"fonts.googleapis.com%3A%204%20components%2C%201.5K%20(0.1K%20GZip)\",\"fonts.gstatic.com%3A%205%20components%2C%20197.6K%20(50.0K%20GZip)\",\"www.google-analytics.com%3A%201%20component%2C%2040.9K%20(13.6K%20GZip)\",\"elegantthemes.com%3A%205%20components%2C%20510.1K\",\"www.youtube.com%3A%202%20components%2C%2027.8K%20(9.2K%20GZip)\",\"s.ytimg.com%3A%202%20components%2C%20356.4K%20(118.8K%20GZip)\",\"www.google.com%3A%201%20component%2C%2014.5K%20(4.8K%20GZip)\"]},\"yminify\":{\"score\":80,\"message\":\"There are 2 components that can be minified\",\"components\":[\"http%3A%2F%2Fcdn.elegantthemes.com%2Fpreview%2FChameleon%2Fwp-content%2Fthemes%2FChameleon%2Fepanel%2Fjs%2Feye.js%3Fver%3D1.0\",\"inline%20%26lt%3Bscript%26gt%3B%20tag%20%231\"]},\"yredirects\":{\"score\":100,\"message\":\"\",\"components\":[]},\"ydupes\":{\"score\":100,\"message\":\"\",\"components\":[]},\"yetags\":{\"score\":100,\"message\":\"\",\"components\":[]},\"yxhr\":{\"score\":100,\"message\":\"\",\"components\":[]},\"yxhrmethod\":{\"score\":100,\"message\":\"\",\"components\":[]},\"ymindom\":{\"score\":100,\"message\":\"\",\"components\":[]},\"yno404\":{\"score\":100,\"message\":\"\",\"components\":[]},\"ymincookie\":{\"score\":100,\"message\":\"\",\"components\":[]},\"ycookiefree\":{\"score\":100,\"message\":\"\",\"components\":[]},\"ynofilter\":{\"score\":100,\"message\":\"\",\"components\":[]},\"yimgnoscale\":{\"score\":100,\"message\":\"\",\"components\":[]},\"yfavicon\":{\"score\":100,\"message\":\"\",\"components\":[]}},\"w_c\":29946,\"r_c\":9,\"stats\":{\"doc\":{\"r\":1,\"w\":5745},\"css\":{\"r\":15,\"w\":117383},\"font\":{\"r\":5,\"w\":50087},\"js\":{\"r\":21,\"w\":190089},\"cssimage\":{\"r\":64,\"w\":503531},\"favicon\":{\"r\":1,\"w\":1150},\"iframe\":{\"r\":3,\"w\":23031},\"image\":{\"r\":21,\"w\":2517130}},\"stats_c\":{\"doc\":{\"r\":1,\"w\":5745},\"css\":{\"r\":4,\"w\":1170},\"js\":{\"r\":1,\"w\":0},\"iframe\":{\"r\":3,\"w\":23031}},\"comps\":[]}',1,'no',0,0,3408146,1155,1671,200,100,'ready','published',6,10,1,7,2,10,10),(3,'2014-08-25 20:24:55','2014-10-13 19:00:30','Fusion WordPress Theme','<p>notes</p>\r\n',69,'fixed','http://www.elegantthemes.com/gallery/fusion/','http://www.elegantthemes.com/demo/?theme=Fusion','C',2,2,2,2,2,2,15,'d3f/0a164a87e928154932410fc125ffa','vKSmCPCqWnjY','yes',2,2,0,1,'{\"v\":\"3.1.8\",\"w\":1422646,\"o\":83,\"u\":\"http%3A%2F%2Fwww.elegantthemes.com%2Fdemo%2F%3Ftheme%3DFusion\",\"r\":79,\"i\":\"ydefault\",\"lt\":1407,\"g\":{\"ynumreq\":{\"score\":0,\"message\":\"This page has 23 external Javascript scripts.  Try combining them into one.\\nThis page has 13 external stylesheets.  Try combining them into one.\\nThis page has 11 external background images.  Try combining them with CSS sprites.\",\"components\":[]},\"ycdn\":{\"score\":0,\"message\":\"There are 68 static components that are not on CDN. <p>You can specify CDN hostnames in your preferences. See <a href=\\\"https:\\/\\/github.com\\/marcelduran\\/yslow\\/wiki\\/FAQ#wiki-faq_cdn\\\">YSlow FAQ<\\/a> for details.<\\/p>\",\"components\":[\"cdn.elegantthemes.com%3A%2051%20components%2C%201725.9K%20(57.4K%20GZip)\",\"fonts.googleapis.com%3A%202%20components%2C%202.1K\",\"www.elegantthemes.com%3A%204%20components%2C%206.8K%20(1.0K%20GZip)\",\"elegantthemes.com%3A%2011%20components%2C%2024.1K%20(2.5K%20GZip)\"]},\"yemptysrc\":{\"score\":100,\"message\":\"\",\"components\":[]},\"yexpires\":{\"score\":45,\"message\":\"There are 5 static components without a far-future expiration date.\",\"components\":[\"https%3A%2F%2Ffonts.googleapis.com%2Fcss%3Ffamily%3DGoudy%2BBookletter%2B1911\",\"http%3A%2F%2Fwww.google-analytics.com%2Fga.js\",\"http%3A%2F%2Ffonts.googleapis.com%2Fcss%3Ffamily%3DOpen%2BSans%3A300italic%2C700italic%2C800italic%2C400%2C300%2C700%2C800%26subset%3Dlatin%2Clatin-ext\",\"https%3A%2F%2Felegantthemes.com%2Fpreview%2FFusion%2Fwp-admin%2Fjs%2Firis.min.js%3Fver%3D4.0\",\"https%3A%2F%2Felegantthemes.com%2Fpreview%2FFusion%2Fwp-admin%2Fjs%2Fcolor-picker.min.js%3Fver%3D4.0\"]},\"ycompress\":{\"score\":100,\"message\":\"\",\"components\":[]},\"ycsstop\":{\"score\":100,\"message\":\"\",\"components\":[]},\"yjsbottom\":{\"score\":100,\"message\":\"\",\"components\":[]},\"yexpressions\":{\"score\":100,\"message\":\"\",\"components\":[]},\"yexternal\":{\"message\":\"Only consider this if your property is a common user home page.\",\"components\":[\"There%20is%20a%20total%20of%201%20inline%20css\",\"There%20is%20a%20total%20of%203%20inline%20scripts\"]},\"ydns\":{\"score\":90,\"message\":\"The components are split over more than 4 domains\",\"components\":[\"www.elegantthemes.com%3A%206%20components%2C%2067.6K%20(6.8K%20GZip)\",\"cdn.elegantthemes.com%3A%2051%20components%2C%201725.9K%20(57.4K%20GZip)\",\"fonts.googleapis.com%3A%202%20components%2C%202.1K\",\"fonts.gstatic.com%3A%208%20components%2C%20513.6K%20(90.5K%20GZip)\",\"www.google-analytics.com%3A%201%20component%2C%2040.9K%20(13.6K%20GZip)\",\"elegantthemes.com%3A%2011%20components%2C%2024.1K%20(2.5K%20GZip)\"]},\"yminify\":{\"score\":90,\"message\":\"There is 1 component that can be minified\",\"components\":[\"inline%20%26lt%3Bscript%26gt%3B%20tag%20%231\"]},\"yredirects\":{\"score\":100,\"message\":\"\",\"components\":[]},\"ydupes\":{\"score\":100,\"message\":\"\",\"components\":[]},\"yetags\":{\"score\":100,\"message\":\"\",\"components\":[]},\"yxhr\":{\"score\":100,\"message\":\"\",\"components\":[]},\"yxhrmethod\":{\"score\":100,\"message\":\"\",\"components\":[]},\"ymindom\":{\"score\":100,\"message\":\"\",\"components\":[]},\"yno404\":{\"score\":100,\"message\":\"\",\"components\":[]},\"ymincookie\":{\"score\":100,\"message\":\"\",\"components\":[]},\"ycookiefree\":{\"score\":100,\"message\":\"\",\"components\":[]},\"ynofilter\":{\"score\":100,\"message\":\"\",\"components\":[]},\"yimgnoscale\":{\"score\":100,\"message\":\"\",\"components\":[]},\"yfavicon\":{\"score\":100,\"message\":\"\",\"components\":[]}},\"w_c\":6029,\"r_c\":7,\"stats\":{\"doc\":{\"r\":1,\"w\":5741},\"css\":{\"r\":13,\"w\":26219},\"font\":{\"r\":8,\"w\":90544},\"js\":{\"r\":23,\"w\":48815},\"cssimage\":{\"r\":11,\"w\":450098},\"favicon\":{\"r\":1,\"w\":1150},\"iframe\":{\"r\":1,\"w\":-1},\"image\":{\"r\":21,\"w\":800080}},\"stats_c\":{\"doc\":{\"r\":1,\"w\":5741},\"css\":{\"r\":2,\"w\":289},\"js\":{\"r\":3,\"w\":0},\"iframe\":{\"r\":1,\"w\":-1}},\"comps\":[]}',1,'no',0,0,1422646,1180,1407,200,100,'ready','published',7,10,4,2,7,10,10),(4,'2014-08-25 20:24:55','2014-10-13 18:58:27','Fable WordPress Theme','<p>notes</p>\r\n',69,'fixed','http://www.elegantthemes.com/gallery/fable/','http://www.elegantthemes.com/demo/?theme=Fable','B',2,2,2,2,2,2,15,'0ea/02ff126e57d79e11dcb47400d1a43','VcjQOFywlOvg','yes',2,2,3,1,'{\"v\":\"3.1.8\",\"w\":1131667,\"o\":82,\"u\":\"http%3A%2F%2Fwww.elegantthemes.com%2Fdemo%2F%3Ftheme%3DFable\",\"r\":77,\"i\":\"ydefault\",\"lt\":1008,\"g\":{\"ynumreq\":{\"score\":0,\"message\":\"This page has 25 external Javascript scripts.  Try combining them into one.\\nThis page has 14 external stylesheets.  Try combining them into one.\\nThis page has 10 external background images.  Try combining them with CSS sprites.\",\"components\":[]},\"ycdn\":{\"score\":0,\"message\":\"There are 58 static components that are not on CDN. <p>You can specify CDN hostnames in your preferences. See <a href=\\\"https:\\/\\/github.com\\/marcelduran\\/yslow\\/wiki\\/FAQ#wiki-faq_cdn\\\">YSlow FAQ<\\/a> for details.<\\/p>\",\"components\":[\"cdn.elegantthemes.com%3A%2038%20components%2C%201165.8K%20(57.4K%20GZip)\",\"fonts.googleapis.com%3A%202%20components%2C%203.8K\",\"www.elegantthemes.com%3A%204%20components%2C%206.8K%20(1.0K%20GZip)\",\"elegantthemes.com%3A%2011%20components%2C%2023.1K%20(2.5K%20GZip)\",\"s.ytimg.com%3A%202%20components%2C%20356.4K%20(118.8K%20GZip)\",\"www.google.com%3A%201%20component%2C%2014.5K%20(4.8K%20GZip)\"]},\"yemptysrc\":{\"score\":100,\"message\":\"\",\"components\":[]},\"yexpires\":{\"score\":45,\"message\":\"There are 5 static components without a far-future expiration date.\",\"components\":[\"https%3A%2F%2Ffonts.googleapis.com%2Fcss%3Ffamily%3DGoudy%2BBookletter%2B1911\",\"http%3A%2F%2Fwww.google-analytics.com%2Fga.js\",\"http%3A%2F%2Ffonts.googleapis.com%2Fcss%3Ffamily%3DOpen%2BSans%3A300italic%2C400italic%2C700italic%2C800italic%2C400%2C300%2C700%2C800%7CRaleway%3A400%2C200%2C100%2C500%2C700%2C800%26subset%3Dlatin%2Clatin-ext\",\"https%3A%2F%2Felegantthemes.com%2Fpreview%2FFable%2Fwp-admin%2Fjs%2Firis.min.js%3Fver%3D4.0\",\"https%3A%2F%2Felegantthemes.com%2Fpreview%2FFable%2Fwp-admin%2Fjs%2Fcolor-picker.min.js%3Fver%3D4.0\"]},\"ycompress\":{\"score\":100,\"message\":\"\",\"components\":[]},\"ycsstop\":{\"score\":100,\"message\":\"\",\"components\":[]},\"yjsbottom\":{\"score\":100,\"message\":\"\",\"components\":[]},\"yexpressions\":{\"score\":100,\"message\":\"\",\"components\":[]},\"yexternal\":{\"message\":\"Only consider this if your property is a common user home page.\",\"components\":[\"There%20is%20a%20total%20of%201%20inline%20css\",\"There%20is%20a%20total%20of%203%20inline%20scripts\"]},\"ydns\":{\"score\":75,\"message\":\"The components are split over more than 4 domains\",\"components\":[\"www.elegantthemes.com%3A%206%20components%2C%2063.0K%20(6.8K%20GZip)\",\"cdn.elegantthemes.com%3A%2038%20components%2C%201165.8K%20(57.4K%20GZip)\",\"fonts.googleapis.com%3A%202%20components%2C%203.8K\",\"fonts.gstatic.com%3A%2015%20components%2C%20949.6K%20(214.2K%20GZip)\",\"www.google-analytics.com%3A%201%20component%2C%2040.9K%20(13.6K%20GZip)\",\"elegantthemes.com%3A%2011%20components%2C%2023.1K%20(2.5K%20GZip)\",\"www.youtube.com%3A%201%20component%2C%2013.9K%20(4.6K%20GZip)\",\"s.ytimg.com%3A%202%20components%2C%20356.4K%20(118.8K%20GZip)\",\"www.google.com%3A%201%20component%2C%2014.5K%20(4.8K%20GZip)\"]},\"yminify\":{\"score\":90,\"message\":\"There is 1 component that can be minified\",\"components\":[\"inline%20%26lt%3Bscript%26gt%3B%20tag%20%231\"]},\"yredirects\":{\"score\":100,\"message\":\"\",\"components\":[]},\"ydupes\":{\"score\":100,\"message\":\"\",\"components\":[]},\"yetags\":{\"score\":100,\"message\":\"\",\"components\":[]},\"yxhr\":{\"score\":100,\"message\":\"\",\"components\":[]},\"yxhrmethod\":{\"score\":100,\"message\":\"\",\"components\":[]},\"ymindom\":{\"score\":100,\"message\":\"\",\"components\":[]},\"yno404\":{\"score\":100,\"message\":\"\",\"components\":[]},\"ymincookie\":{\"score\":100,\"message\":\"\",\"components\":[]},\"ycookiefree\":{\"score\":100,\"message\":\"\",\"components\":[]},\"ynofilter\":{\"score\":100,\"message\":\"\",\"components\":[]},\"yimgnoscale\":{\"score\":100,\"message\":\"\",\"components\":[]},\"yfavicon\":{\"score\":100,\"message\":\"\",\"components\":[]}},\"w_c\":10671,\"r_c\":8,\"stats\":{\"doc\":{\"r\":1,\"w\":5740},\"css\":{\"r\":14,\"w\":81797},\"font\":{\"r\":15,\"w\":214265},\"js\":{\"r\":25,\"w\":116888},\"cssimage\":{\"r\":10,\"w\":290869},\"favicon\":{\"r\":1,\"w\":1150},\"iframe\":{\"r\":2,\"w\":4642},\"image\":{\"r\":9,\"w\":416316}},\"stats_c\":{\"doc\":{\"r\":1,\"w\":5740},\"css\":{\"r\":2,\"w\":289},\"js\":{\"r\":3,\"w\":0},\"iframe\":{\"r\":2,\"w\":4642}},\"comps\":[]}',0,'no',0,0,1131667,1165,1008,200,100,'ready','published',8,10,7,6,10,10,10),(5,'2014-08-25 20:24:55','2014-10-13 18:59:43','Origin WordPress Theme','<p>notes</p>\r\n',69,'fixed','http://www.elegantthemes.com/gallery/origin/','http://www.elegantthemes.com/demo/?theme=Origin','B',2,2,2,2,2,2,15,'14f/71fc2887c0f9717bddc393938149b','1XJfTpKnNO22','yes',2,2,0,0,'{\"v\":\"3.1.8\",\"w\":1748800,\"o\":82,\"u\":\"http%3A%2F%2Fwww.elegantthemes.com%2Fdemo%2F%3Ftheme%3DOrigin\",\"r\":80,\"i\":\"ydefault\",\"lt\":2506,\"g\":{\"ynumreq\":{\"score\":0,\"message\":\"This page has 23 external Javascript scripts.  Try combining them into one.\\nThis page has 13 external stylesheets.  Try combining them into one.\\nThis page has 8 external background images.  Try combining them with CSS sprites.\",\"components\":[]},\"ycdn\":{\"score\":0,\"message\":\"There are 69 static components that are not on CDN. <p>You can specify CDN hostnames in your preferences. See <a href=\\\"https:\\/\\/github.com\\/marcelduran\\/yslow\\/wiki\\/FAQ#wiki-faq_cdn\\\">YSlow FAQ<\\/a> for details.<\\/p>\",\"components\":[\"cdn.elegantthemes.com%3A%205%20components%2C%20173.6K%20(57.4K%20GZip)\",\"fonts.googleapis.com%3A%202%20components%2C%202.1K\",\"www.elegantthemes.com%3A%204%20components%2C%206.8K%20(1.0K%20GZip)\",\"elegantthemes.com%3A%2058%20components%2C%201884.1K%20(28.0K%20GZip)\"]},\"yemptysrc\":{\"score\":100,\"message\":\"\",\"components\":[]},\"yexpires\":{\"score\":45,\"message\":\"There are 5 static components without a far-future expiration date.\",\"components\":[\"https%3A%2F%2Ffonts.googleapis.com%2Fcss%3Ffamily%3DGoudy%2BBookletter%2B1911\",\"http%3A%2F%2Fwww.google-analytics.com%2Fga.js\",\"http%3A%2F%2Ffonts.googleapis.com%2Fcss%3Ffamily%3DOpen%2BSans%3A300italic%2C700italic%2C800italic%2C400%2C300%2C700%2C800%26subset%3Dlatin%2Clatin-ext\",\"https%3A%2F%2Felegantthemes.com%2Fpreview%2FOrigin%2Fwp-admin%2Fjs%2Firis.min.js%3Fver%3D4.0\",\"https%3A%2F%2Felegantthemes.com%2Fpreview%2FOrigin%2Fwp-admin%2Fjs%2Fcolor-picker.min.js%3Fver%3D4.0\"]},\"ycompress\":{\"score\":100,\"message\":\"\",\"components\":[]},\"ycsstop\":{\"score\":100,\"message\":\"\",\"components\":[]},\"yjsbottom\":{\"score\":100,\"message\":\"\",\"components\":[]},\"yexpressions\":{\"score\":100,\"message\":\"\",\"components\":[]},\"yexternal\":{\"message\":\"Only consider this if your property is a common user home page.\",\"components\":[\"There%20is%20a%20total%20of%201%20inline%20css\",\"There%20is%20a%20total%20of%203%20inline%20scripts\"]},\"ydns\":{\"score\":90,\"message\":\"The components are split over more than 4 domains\",\"components\":[\"www.elegantthemes.com%3A%206%20components%2C%2079.2K%20(6.8K%20GZip)\",\"cdn.elegantthemes.com%3A%205%20components%2C%20173.6K%20(57.4K%20GZip)\",\"fonts.googleapis.com%3A%202%20components%2C%202.1K\",\"fonts.gstatic.com%3A%208%20components%2C%20513.6K%20(90.5K%20GZip)\",\"www.google-analytics.com%3A%201%20component%2C%2040.9K%20(13.6K%20GZip)\",\"elegantthemes.com%3A%2058%20components%2C%201884.1K%20(28.0K%20GZip)\"]},\"yminify\":{\"score\":80,\"message\":\"There are 2 components that can be minified\",\"components\":[\"http%3A%2F%2Felegantthemes.com%2Fpreview%2FOrigin%2Fwp-content%2Fthemes%2FOrigin%2Fjs%2Fjquery.infinitescroll.js%3Fver%3D1.0\",\"inline%20%26lt%3Bscript%26gt%3B%20tag%20%231\"]},\"yredirects\":{\"score\":100,\"message\":\"\",\"components\":[]},\"ydupes\":{\"score\":100,\"message\":\"\",\"components\":[]},\"yetags\":{\"score\":100,\"message\":\"\",\"components\":[]},\"yxhr\":{\"score\":100,\"message\":\"\",\"components\":[]},\"yxhrmethod\":{\"score\":100,\"message\":\"\",\"components\":[]},\"ymindom\":{\"score\":100,\"message\":\"\",\"components\":[]},\"yno404\":{\"score\":100,\"message\":\"\",\"components\":[]},\"ymincookie\":{\"score\":100,\"message\":\"\",\"components\":[]},\"ycookiefree\":{\"score\":100,\"message\":\"\",\"components\":[]},\"ynofilter\":{\"score\":100,\"message\":\"\",\"components\":[]},\"yimgnoscale\":{\"score\":100,\"message\":\"\",\"components\":[]},\"yfavicon\":{\"score\":100,\"message\":\"\",\"components\":[]}},\"w_c\":6029,\"r_c\":7,\"stats\":{\"doc\":{\"r\":1,\"w\":5741},\"css\":{\"r\":13,\"w\":26219},\"font\":{\"r\":8,\"w\":90544},\"js\":{\"r\":23,\"w\":74380},\"cssimage\":{\"r\":8,\"w\":7779},\"favicon\":{\"r\":1,\"w\":1150},\"iframe\":{\"r\":1,\"w\":-1},\"image\":{\"r\":25,\"w\":1542988}},\"stats_c\":{\"doc\":{\"r\":1,\"w\":5741},\"css\":{\"r\":2,\"w\":289},\"js\":{\"r\":3,\"w\":0},\"iframe\":{\"r\":1,\"w\":-1}},\"comps\":[]}',0,'no',0,0,1748800,1170,2506,200,100,'ready','published',6,10,2,4,1,10,10),(6,'2014-08-25 20:24:55','2014-10-22 08:56:20','eStore eCommerce WordPress Theme','<p>notes</p>\r\n',69,'fixed','http://www.elegantthemes.com/gallery/estore/','http://www.elegantthemes.com/demo/?theme=eStore','A',2,2,2,2,2,2,15,'e32/fd4fb30b74561d93f43c3e09a8b43','h1FLS9mjsrDz','yes',2,2,0,0,'{\"v\":\"3.1.8\",\"w\":1090234,\"o\":84,\"u\":\"http%3A%2F%2Fwww.elegantthemes.com%2Fdemo%2F%3Ftheme%3DeStore\",\"r\":98,\"i\":\"ydefault\",\"lt\":1575,\"g\":{\"ynumreq\":{\"score\":0,\"message\":\"This page has 12 external Javascript scripts.  Try combining them into one.\\nThis page has 10 external stylesheets.  Try combining them into one.\\nThis page has 57 external background images.  Try combining them with CSS sprites.\",\"components\":[]},\"ycdn\":{\"score\":0,\"message\":\"There are 91 static components that are not on CDN. <p>You can specify CDN hostnames in your preferences. See <a href=\\\"https:\\/\\/github.com\\/marcelduran\\/yslow\\/wiki\\/FAQ#wiki-faq_cdn\\\">YSlow FAQ<\\/a> for details.<\\/p>\",\"components\":[\"cdn.elegantthemes.com%3A%2083%20components%2C%201296.2K%20(131.8K%20GZip)\",\"fonts.googleapis.com%3A%202%20components%2C%200.9K%20(0.2K%20GZip)\",\"www.elegantthemes.com%3A%204%20components%2C%206.8K%20(1.0K%20GZip)\",\"elegantthemes.com%3A%202%20components%2C%202.7K%20(0.9K%20GZip)\"]},\"yemptysrc\":{\"score\":100,\"message\":\"\",\"components\":[]},\"yexpires\":{\"score\":67,\"message\":\"There are 3 static components without a far-future expiration date.\",\"components\":[\"https%3A%2F%2Ffonts.googleapis.com%2Fcss%3Ffamily%3DGoudy%2BBookletter%2B1911\",\"http%3A%2F%2Fwww.google-analytics.com%2Fga.js\",\"http%3A%2F%2Ffonts.googleapis.com%2Fcss%3Ffamily%3DRaleway%3A400%2C300%2C200\"]},\"ycompress\":{\"score\":100,\"message\":\"\",\"components\":[]},\"ycsstop\":{\"score\":100,\"message\":\"\",\"components\":[]},\"yjsbottom\":{\"score\":100,\"message\":\"\",\"components\":[]},\"yexpressions\":{\"score\":100,\"message\":\"\",\"components\":[]},\"yexternal\":{\"message\":\"Only consider this if your property is a common user home page.\",\"components\":[\"There%20is%20a%20total%20of%203%20inline%20scripts\"]},\"ydns\":{\"score\":90,\"message\":\"The components are split over more than 4 domains\",\"components\":[\"www.elegantthemes.com%3A%206%20components%2C%2063.9K%20(6.7K%20GZip)\",\"cdn.elegantthemes.com%3A%2083%20components%2C%201296.2K%20(131.8K%20GZip)\",\"fonts.googleapis.com%3A%202%20components%2C%200.9K%20(0.2K%20GZip)\",\"fonts.gstatic.com%3A%204%20components%2C%20235.2K%20(62.6K%20GZip)\",\"www.google-analytics.com%3A%201%20component%2C%2040.9K%20(13.6K%20GZip)\",\"elegantthemes.com%3A%202%20components%2C%202.7K%20(0.9K%20GZip)\"]},\"yminify\":{\"score\":90,\"message\":\"There is 1 component that can be minified\",\"components\":[\"inline%20%26lt%3Bscript%26gt%3B%20tag%20%231\"]},\"yredirects\":{\"score\":100,\"message\":\"\",\"components\":[]},\"ydupes\":{\"score\":100,\"message\":\"\",\"components\":[]},\"yetags\":{\"score\":100,\"message\":\"\",\"components\":[]},\"yxhr\":{\"score\":100,\"message\":\"\",\"components\":[]},\"yxhrmethod\":{\"score\":100,\"message\":\"\",\"components\":[]},\"ymindom\":{\"score\":100,\"message\":\"\",\"components\":[]},\"yno404\":{\"score\":100,\"message\":\"\",\"components\":[]},\"ymincookie\":{\"score\":100,\"message\":\"\",\"components\":[]},\"ycookiefree\":{\"score\":100,\"message\":\"\",\"components\":[]},\"ynofilter\":{\"score\":100,\"message\":\"\",\"components\":[]},\"yimgnoscale\":{\"score\":100,\"message\":\"\",\"components\":[]},\"yfavicon\":{\"score\":100,\"message\":\"\",\"components\":[]}},\"w_c\":6185,\"r_c\":5,\"stats\":{\"doc\":{\"r\":1,\"w\":5661},\"css\":{\"r\":10,\"w\":44294},\"font\":{\"r\":4,\"w\":62630},\"js\":{\"r\":12,\"w\":103761},\"cssimage\":{\"r\":57,\"w\":818376},\"favicon\":{\"r\":1,\"w\":1150},\"iframe\":{\"r\":1,\"w\":-1},\"image\":{\"r\":12,\"w\":54363}},\"stats_c\":{\"doc\":{\"r\":1,\"w\":5661},\"css\":{\"r\":2,\"w\":525},\"js\":{\"r\":1,\"w\":0},\"iframe\":{\"r\":1,\"w\":-1}},\"comps\":[]}',1,'no',0,0,1090234,1180,1575,200,100,'ready','published',7,10,10,2,4,10,10),(7,'2014-08-25 20:24:55','2014-08-25 20:24:55','Nimble WordPress Theme','',69,'none','http://www.elegantthemes.com/gallery/nimble/','http://www.elegantthemes.com/demo/?theme=Nimble','none',1,1,2,2,1,1,5,'','6RgzEWRg1Ca8','yes',1,1,0,0,'',0,'no',0,0,0,0,0,0,0,'draft','pending',0,0,0,0,0,0,0),(8,'2014-08-25 20:24:55','2014-08-25 20:24:55','SimplePress Simple WordPress Theme','',69,'none','http://www.elegantthemes.com/gallery/simplepress/','http://www.elegantthemes.com/demo/?theme=SimplePress','none',1,1,2,2,1,1,5,'','PcgbV8y5fctl','yes',1,1,0,0,'',0,'no',0,0,0,0,0,0,0,'draft','pending',0,0,0,0,0,0,0),(9,'2014-08-25 20:24:55','2014-08-25 20:24:55','DeepFocus Photography WordPress Theme','',69,'none','http://www.elegantthemes.com/gallery/deepfocus/','http://www.elegantthemes.com/demo/?theme=DeepFocus','none',1,1,2,2,1,1,5,'','r9PVtrT4DkA4','yes',1,1,0,0,'',0,'no',0,0,0,0,0,0,0,'draft','pending',0,0,0,0,0,0,0),(10,'2014-08-25 20:24:55','2014-08-25 20:24:55','Flexible WordPress Theme','',69,'none','http://www.elegantthemes.com/gallery/flexible/','http://www.elegantthemes.com/demo/?theme=Flexible','none',1,1,2,2,1,1,5,'','0DcBaD8MxVuc','yes',1,1,0,0,'',0,'no',0,0,0,0,0,0,0,'draft','pending',0,0,0,0,0,0,0),(11,'2014-08-25 20:24:55','2014-08-25 20:24:55','Gleam WordPress Theme','',69,'none','http://www.elegantthemes.com/gallery/gleam/','http://www.elegantthemes.com/demo/?theme=Gleam','none',1,1,2,2,1,1,5,'','Q1r9c2gfuwnt','yes',1,1,0,0,'',0,'no',0,0,0,0,0,0,0,'draft','pending',0,0,0,0,0,0,0),(12,'2014-08-25 20:24:55','2014-08-25 20:24:55','Aggregate WordPress Theme','',69,'none','http://www.elegantthemes.com/gallery/aggregate/','http://www.elegantthemes.com/demo/?theme=Aggregate','none',1,1,2,2,1,1,5,'','F8gJ42Gmtfhi','yes',1,1,0,0,'',0,'no',0,0,0,0,0,0,0,'draft','pending',0,0,0,0,0,0,0),(13,'2014-08-25 20:24:55','2014-08-25 20:24:55','Lucid WordPress Theme','',69,'none','http://www.elegantthemes.com/gallery/lucid/','http://www.elegantthemes.com/demo/?theme=Lucid','none',1,1,2,2,1,1,5,'','gwC4HkP6JCXw','yes',1,1,0,0,'',0,'no',0,0,0,0,0,0,0,'draft','pending',0,0,0,0,0,0,0),(14,'2014-08-25 20:24:55','2014-08-25 20:24:55','Evolution Responsive WordPress Theme','',69,'none','http://www.elegantthemes.com/gallery/evolution/','http://www.elegantthemes.com/demo/?theme=Evolution','none',1,1,2,2,1,1,5,'','B6k2SZ6lgsOB','yes',1,1,0,0,'',0,'no',0,0,0,0,0,0,0,'draft','pending',0,0,0,0,0,0,0),(15,'2014-08-25 20:24:55','2014-08-25 20:24:55','StyleShop eCommerce WordPress Theme','',69,'none','http://www.elegantthemes.com/gallery/styleshop/','http://www.elegantthemes.com/demo/?theme=StyleShop','none',1,1,2,2,1,1,5,'','W68SgDRAVLIA','yes',1,1,0,0,'',0,'no',0,0,0,0,0,0,0,'draft','pending',0,0,0,0,0,0,0),(16,'2014-08-25 20:24:55','2014-08-25 20:24:55','Vertex WordPress Theme','',69,'none','http://www.elegantthemes.com/gallery/vertex/','http://www.elegantthemes.com/demo/?theme=Vertex','none',1,1,2,2,1,1,5,'','MKOdNOBMnnKQ','yes',1,1,0,0,'',0,'no',0,0,0,0,0,0,0,'draft','pending',0,0,0,0,0,0,0),(17,'2014-08-25 20:24:55','2014-08-25 20:24:55','Nexus WordPress Theme','',69,'none','http://www.elegantthemes.com/gallery/nexus/','http://www.elegantthemes.com/demo/?theme=Nexus','none',1,1,2,2,1,1,5,'','XnkGrFic8t41','yes',1,1,0,0,'',0,'no',0,0,0,0,0,0,0,'draft','pending',0,0,0,0,0,0,0),(18,'2014-08-25 20:24:55','2014-08-25 20:24:55','Foxy WordPress Theme','',69,'none','http://www.elegantthemes.com/gallery/foxy/','http://www.elegantthemes.com/demo/?theme=Foxy','none',1,1,2,2,1,1,5,'','rLW4ofz5Lj6W','yes',1,1,0,0,'',0,'no',0,0,0,0,0,0,0,'draft','pending',0,0,0,0,0,0,0),(19,'2014-08-25 20:24:55','2014-08-25 20:24:55','BlueSky WordPress Theme','',69,'none','http://www.elegantthemes.com/gallery/bluesky/','http://www.elegantthemes.com/demo/?theme=/','none',1,1,2,2,1,1,5,'','YeJOxh2w4cMa','yes',1,1,0,0,'',0,'no',0,0,0,0,0,0,0,'draft','pending',0,0,0,0,0,0,0),(20,'2014-08-25 20:24:55','2014-08-25 20:24:55','InterPhase WordPress Theme','',69,'none','http://www.elegantthemes.com/gallery/interphase/','http://www.elegantthemes.com/demo/?theme=InterPhase','none',1,1,2,2,1,1,5,'','GOJKXxDUWStS','yes',1,1,0,0,'',0,'no',0,0,0,0,0,0,0,'draft','pending',0,0,0,0,0,0,0),(21,'2014-08-25 20:24:55','2014-08-25 20:24:55','Wooden WordPress Theme','',69,'none','http://www.elegantthemes.com/gallery/wooden/','http://www.elegantthemes.com/demo/?theme=Wooden','none',1,1,2,2,1,1,5,'','Ub5YN1Ghzs3d','yes',1,1,0,0,'',0,'no',0,0,0,0,0,0,0,'draft','pending',0,0,0,0,0,0,0),(22,'2014-08-25 20:24:55','2014-08-25 20:24:55','StudioBlue WordPress Theme','',69,'none','http://www.elegantthemes.com/gallery/studioblue/','http://www.elegantthemes.com/demo/?theme=StudioBlue','none',1,1,2,2,1,1,5,'','XHnkXQTNOhuF','yes',1,1,0,0,'',0,'no',0,0,0,0,0,0,0,'draft','pending',0,0,0,0,0,0,0),(23,'2014-08-25 20:24:55','2014-08-25 20:24:55','EarthlyTouch WordPress Theme','',69,'none','http://www.elegantthemes.com/gallery/earthlytouch/','http://www.elegantthemes.com/demo/?theme=EarthlyTouch','none',1,1,2,2,1,1,5,'','vGfHaJ0JGHO0','yes',1,1,0,0,'',0,'no',0,0,0,0,0,0,0,'draft','pending',0,0,0,0,0,0,0),(24,'2014-08-25 20:24:55','2014-08-25 20:24:55','TidalForce WordPress Theme','',69,'none','http://www.elegantthemes.com/gallery/tidalforce/','http://www.elegantthemes.com/demo/?theme=TidalForce','none',1,1,2,2,1,1,5,'','jxeHaIaakzLY','yes',1,1,0,0,'',0,'no',0,0,0,0,0,0,0,'draft','pending',0,0,0,0,0,0,0),(25,'2014-08-25 20:24:55','2014-08-25 20:24:55','Simplism WordPress Theme','',69,'none','http://www.elegantthemes.com/gallery/simplism/','http://www.elegantthemes.com/demo/?theme=Simplism','none',1,1,2,2,1,1,5,'','WL0BNtFonAdA','yes',1,1,0,0,'',0,'no',0,0,0,0,0,0,0,'draft','pending',0,0,0,0,0,0,0),(26,'2014-08-25 20:24:55','2014-08-25 20:24:55','BlueMist WordPress Theme','',69,'none','http://www.elegantthemes.com/gallery/bluemist/','http://www.elegantthemes.com/demo/?theme=2','none',1,1,2,2,1,1,5,'','nbjf5jG8C5NK','yes',1,1,0,0,'',0,'no',0,0,0,0,0,0,0,'draft','pending',0,0,0,0,0,0,0),(27,'2014-08-25 20:24:55','2014-08-25 20:24:55','Cion WordPress Theme','',69,'none','http://www.elegantthemes.com/gallery/cion/','http://www.elegantthemes.com/demo/?theme=Cion','none',1,1,2,2,1,1,5,'','zCsUGIaYJXiM','yes',1,1,0,0,'',0,'no',0,0,0,0,0,0,0,'draft','pending',0,0,0,0,0,0,0),(28,'2014-08-25 20:24:55','2014-08-25 20:24:55','13Floor WordPress Theme','',69,'none','http://www.elegantthemes.com/gallery/13floor/','http://www.elegantthemes.com/demo/?theme=13Floor','none',1,1,2,2,1,1,5,'','jXIVlaIub7wm','yes',1,1,0,0,'',0,'no',0,0,0,0,0,0,0,'draft','pending',0,0,0,0,0,0,0),(29,'2014-08-25 20:24:55','2014-08-25 20:24:55','ElegantEstate Real Estate WordPress Theme','',69,'none','http://www.elegantthemes.com/gallery/elegantestate/','http://www.elegantthemes.com/demo/?theme=ElegantEstate','none',1,1,2,2,1,1,5,'','R0LglwXQZX0K','yes',1,1,0,0,'',0,'no',0,0,0,0,0,0,0,'draft','pending',0,0,0,0,0,0,0),(30,'2014-08-25 20:24:55','2014-08-25 20:24:55','Harmony Band WordPress Theme','',69,'none','http://www.elegantthemes.com/gallery/harmony/','http://www.elegantthemes.com/demo/?theme=Harmony','none',1,1,2,2,1,1,5,'','pnNttXiCg1Op','yes',1,1,0,0,'',0,'no',0,0,0,0,0,0,0,'draft','pending',0,0,0,0,0,0,0),(31,'2014-08-25 20:24:55','2014-08-25 20:24:55','LeanBiz WordPress Theme','',69,'none','http://www.elegantthemes.com/gallery/leanbiz/','http://www.elegantthemes.com/demo/?theme=LeanBiz','none',1,1,2,2,1,1,5,'','W7zoce1vTa90','yes',1,1,0,0,'',0,'no',0,0,0,0,0,0,0,'draft','pending',0,0,0,0,0,0,0),(32,'2014-08-25 20:24:55','2014-08-25 20:24:55','Memoir WordPress Theme','',69,'none','http://www.elegantthemes.com/gallery/memoir/','http://www.elegantthemes.com/demo/?theme=Memoir','none',1,1,2,2,1,1,5,'','pBLKfWf0FPeu','yes',1,1,0,0,'',0,'no',0,0,0,0,0,0,0,'draft','pending',0,0,0,0,0,0,0),(33,'2014-08-25 20:24:55','2014-08-25 20:24:55','Webly WordPress Theme','',69,'none','http://www.elegantthemes.com/gallery/webly/','http://www.elegantthemes.com/demo/?theme=Webly','none',1,1,2,2,1,1,5,'','qGzKvGyMATiH','yes',1,1,0,0,'',0,'no',0,0,0,0,0,0,0,'draft','pending',0,0,0,0,0,0,0),(34,'2014-08-25 20:24:55','2014-08-25 20:24:55','Feather WordPress Theme','',69,'none','http://www.elegantthemes.com/gallery/feather/','http://www.elegantthemes.com/demo/?theme=Feather','none',1,1,2,2,1,1,5,'','A2vf45un5tDP','yes',1,1,0,0,'',0,'no',0,0,0,0,0,0,0,'draft','pending',0,0,0,0,0,0,0),(35,'2014-08-25 20:24:55','2014-08-25 20:24:55','Convertible WordPress Theme','',69,'none','http://www.elegantthemes.com/gallery/convertible/','http://www.elegantthemes.com/demo/?theme=Convertible','none',1,1,2,2,1,1,5,'','Cu0JQIVJY4Wr','yes',1,1,0,0,'',0,'no',0,0,0,0,0,0,0,'draft','pending',0,0,0,0,0,0,0),(36,'2014-08-25 20:24:55','2014-08-25 20:24:55','MyCuisine Restaurant WordPress Theme','',69,'none','http://www.elegantthemes.com/gallery/mycuisine/','http://www.elegantthemes.com/demo/?theme=MyCuisine','none',1,1,2,2,1,1,5,'','DoVPgYhQAqJZ','yes',1,1,0,0,'',0,'no',0,0,0,0,0,0,0,'draft','pending',0,0,0,0,0,0,0),(37,'2014-08-25 20:24:55','2014-08-25 20:24:55','Notebook WordPress Theme','',69,'none','http://www.elegantthemes.com/gallery/notebook/','http://www.elegantthemes.com/demo/?theme=Notebook','none',1,1,2,2,1,1,5,'','FBNI0H3mrf3R','yes',1,1,0,0,'',0,'no',0,0,0,0,0,0,0,'draft','pending',0,0,0,0,0,0,0),(38,'2014-08-25 20:24:55','2014-08-25 20:24:55','Magnificent WordPress Theme','',69,'none','http://www.elegantthemes.com/gallery/magnificent/','http://www.elegantthemes.com/demo/?theme=Magnificent','none',1,1,2,2,1,1,5,'','L5FNMoHgdRD4','yes',1,1,0,0,'',0,'no',0,0,0,0,0,0,0,'draft','pending',0,0,0,0,0,0,0),(39,'2014-08-25 20:24:55','2014-08-25 20:24:55','TheSource WordPress Theme','',69,'none','http://www.elegantthemes.com/gallery/thesource/','http://www.elegantthemes.com/demo/?theme=TheSource','none',1,1,2,2,1,1,5,'','crfFXgtlAEXd','yes',1,1,0,0,'',0,'no',0,0,0,0,0,0,0,'draft','pending',0,0,0,0,0,0,0),(40,'2014-08-25 20:24:55','2014-08-25 20:24:55','Modest WordPress Theme','',69,'none','http://www.elegantthemes.com/gallery/modest/','http://www.elegantthemes.com/demo/?theme=Modest','none',1,1,2,2,1,1,5,'','UOzwqwmDxMV8','yes',1,1,0,0,'',0,'no',0,0,0,0,0,0,0,'draft','pending',0,0,0,0,0,0,0),(41,'2014-08-25 20:24:55','2014-08-25 20:24:55','Sky WordPress Theme','',69,'none','http://www.elegantthemes.com/gallery/sky/','http://www.elegantthemes.com/demo/?theme=Sky','none',1,1,2,2,1,1,5,'','IimTM57OCrwh','yes',1,1,0,0,'',0,'no',0,0,0,0,0,0,0,'draft','pending',0,0,0,0,0,0,0),(42,'2014-08-25 20:24:55','2014-08-25 20:24:55','Envisioned WordPress Theme','',69,'none','http://www.elegantthemes.com/gallery/envisioned/','http://www.elegantthemes.com/demo/?theme=Envisioned','none',1,1,2,2,1,1,5,'','BQusyhKgDSVW','yes',1,1,0,0,'',0,'no',0,0,0,0,0,0,0,'draft','pending',0,0,0,0,0,0,0),(43,'2014-08-25 20:24:55','2014-08-25 20:24:55','Trim WordPress Theme','',69,'none','http://www.elegantthemes.com/gallery/trim/','http://www.elegantthemes.com/demo/?theme=Trim','none',1,1,2,2,1,1,5,'','saAb6UdrvG01','yes',1,1,0,0,'',0,'no',0,0,0,0,0,0,0,'draft','pending',0,0,0,0,0,0,0),(44,'2014-08-25 20:24:55','2014-08-25 20:24:55','Nova WordPress Theme','',69,'none','http://www.elegantthemes.com/gallery/nova/','http://www.elegantthemes.com/demo/?theme=Nova','none',1,1,2,2,1,1,5,'','1TseVNQtuzYu','yes',1,1,0,0,'',0,'no',0,0,0,0,0,0,0,'draft','pending',0,0,0,0,0,0,0),(45,'2014-08-25 20:24:55','2014-08-25 20:24:55','TheStyle WordPress Theme','',69,'none','http://www.elegantthemes.com/gallery/thestyle/','http://www.elegantthemes.com/demo/?theme=TheStyle','none',1,1,2,2,1,1,5,'','kKh5qoQ1yzAR','yes',1,1,0,0,'',0,'no',0,0,0,0,0,0,0,'draft','pending',0,0,0,0,0,0,0),(46,'2014-08-25 20:24:55','2014-08-25 20:24:55','InStyle WordPress Theme','',69,'none','http://www.elegantthemes.com/gallery/instyle/','http://www.elegantthemes.com/demo/?theme=InStyle','none',1,1,2,2,1,1,5,'','kyUWsXfK8xcR','yes',1,1,0,0,'',0,'no',0,0,0,0,0,0,0,'draft','pending',0,0,0,0,0,0,0),(47,'2014-08-25 20:24:55','2014-08-25 20:24:55','The Corporation WordPress Theme','',69,'none','http://www.elegantthemes.com/gallery/thecorporation/','http://www.elegantthemes.com/demo/?theme=TheCorporation','none',1,1,2,2,1,1,5,'','Y4WocXzAOK8Z','yes',1,1,0,0,'',0,'no',0,0,0,0,0,0,0,'draft','pending',0,0,0,0,0,0,0),(48,'2014-08-25 20:24:55','2014-08-25 20:24:55','MyResume WordPress Theme','',69,'none','http://www.elegantthemes.com/gallery/myresume/','http://www.elegantthemes.com/demo/?theme=MyResume','none',1,1,2,2,1,1,5,'','7tGARWpfgCar','yes',1,1,0,0,'',0,'no',0,0,0,0,0,0,0,'draft','pending',0,0,0,0,0,0,0),(49,'2014-08-25 20:24:55','2014-08-25 20:24:55','MyProduct WordPress Theme','',69,'none','http://www.elegantthemes.com/gallery/myproduct/','http://www.elegantthemes.com/demo/?theme=MyProduct','none',1,1,2,2,1,1,5,'','67z1MFlrHfFP','yes',1,1,0,0,'',0,'no',0,0,0,0,0,0,0,'draft','pending',0,0,0,0,0,0,0),(50,'2014-08-25 20:24:56','2014-08-25 20:24:56','AskIt WordPress Theme','',69,'none','http://www.elegantthemes.com/gallery/askit/','http://www.elegantthemes.com/demo/?theme=AskIt','none',1,1,2,2,1,1,5,'','TxollLTv9aWh','yes',1,1,0,0,'',0,'no',0,0,0,0,0,0,0,'draft','pending',0,0,0,0,0,0,0),(51,'2014-08-25 20:24:56','2014-08-25 20:24:56','DailyJournal Responsive WordPress Theme','',69,'none','http://www.elegantthemes.com/gallery/dailyjournal/','http://www.elegantthemes.com/demo/?theme=DailyJournal','none',1,1,2,2,1,1,5,'','LuEQbAzabsz1','yes',1,1,0,0,'',0,'no',0,0,0,0,0,0,0,'draft','pending',0,0,0,0,0,0,0),(52,'2014-08-25 20:24:56','2014-08-25 20:24:56','Minimal WordPress Theme','',69,'none','http://www.elegantthemes.com/gallery/minimal/','http://www.elegantthemes.com/demo/?theme=Minimal','none',1,1,2,2,1,1,5,'','Df3QBTGldmjE','yes',1,1,0,0,'',0,'no',0,0,0,0,0,0,0,'draft','pending',0,0,0,0,0,0,0),(53,'2014-08-25 20:24:56','2014-08-25 20:24:56','PersonalPress WordPress Theme','',69,'none','http://www.elegantthemes.com/gallery/personalpress/','http://www.elegantthemes.com/demo/?theme=PersonalPress','none',1,1,2,2,1,1,5,'','rnhCZkbBJ2lv','yes',1,1,0,0,'',0,'no',0,0,0,0,0,0,0,'draft','pending',0,0,0,0,0,0,0),(54,'2014-08-25 20:24:56','2014-08-25 20:24:56','OnTheGo WordPress Theme','',69,'none','http://www.elegantthemes.com/gallery/onthego/','http://www.elegantthemes.com/demo/?theme=OnTheGo','none',1,1,2,2,1,1,5,'','Yj3UJS9TyBCb','yes',1,1,0,0,'',0,'no',0,0,0,0,0,0,0,'draft','pending',0,0,0,0,0,0,0),(55,'2014-08-25 20:24:56','2014-08-25 20:24:56','Glider WordPress Theme','',69,'none','http://www.elegantthemes.com/gallery/glider/','http://www.elegantthemes.com/demo/?theme=Glider','none',1,1,2,2,1,1,5,'','Q49mPUCVO8su','yes',1,1,0,0,'',0,'no',0,0,0,0,0,0,0,'draft','pending',0,0,0,0,0,0,0),(56,'2014-08-25 20:24:56','2014-08-25 20:24:56','TheProfessional WordPress Theme','',69,'none','http://www.elegantthemes.com/gallery/theprofessional/','http://www.elegantthemes.com/demo/?theme=TheProfessional','none',1,1,2,2,1,1,5,'','3KYjR6glYNHA','yes',1,1,0,0,'',0,'no',0,0,0,0,0,0,0,'draft','pending',0,0,0,0,0,0,0),(57,'2014-08-25 20:24:56','2014-08-25 20:24:56','DelicateNews WordPress Theme','',69,'none','http://www.elegantthemes.com/gallery/delicatenews/','http://www.elegantthemes.com/demo/?theme=DelicateNews','none',1,1,2,2,1,1,5,'','IfU26wgDJ6Yq','yes',1,1,0,0,'',0,'no',0,0,0,0,0,0,0,'draft','pending',0,0,0,0,0,0,0),(58,'2014-08-25 20:24:56','2014-08-25 20:24:56','DailyNotes WordPress Theme','',69,'none','http://www.elegantthemes.com/gallery/dailynotes/','http://www.elegantthemes.com/demo/?theme=DailyNotes','none',1,1,2,2,1,1,5,'','vFAxlJZWvoaS','yes',1,1,0,0,'',0,'no',0,0,0,0,0,0,0,'draft','pending',0,0,0,0,0,0,0),(59,'2014-08-25 20:24:56','2014-08-25 20:24:56','Event WordPress Theme','',69,'none','http://www.elegantthemes.com/gallery/event/','http://www.elegantthemes.com/demo/?theme=Event','none',1,1,2,2,1,1,5,'','wUeY8qNYP6Su','yes',1,1,0,0,'',0,'no',0,0,0,0,0,0,0,'draft','pending',0,0,0,0,0,0,0),(60,'2014-08-25 20:24:56','2014-08-25 20:24:56','LightBright WordPress Theme','',69,'none','http://www.elegantthemes.com/gallery/lightbright/','http://www.elegantthemes.com/demo/?theme=LightBright','none',1,1,2,2,1,1,5,'','PeikswNkwPKc','yes',1,1,0,0,'',0,'no',0,0,0,0,0,0,0,'draft','pending',0,0,0,0,0,0,0),(61,'2014-08-25 20:24:56','2014-08-25 20:24:56','InReview Review WordPress Theme','',69,'none','http://www.elegantthemes.com/gallery/inreview/','http://www.elegantthemes.com/demo/?theme=InReview','none',1,1,2,2,1,1,5,'','xXrUQmzS9SFu','yes',1,1,0,0,'',0,'no',0,0,0,0,0,0,0,'draft','pending',0,0,0,0,0,0,0),(62,'2014-08-25 20:24:56','2014-08-25 20:24:56','Boutique WordPress Theme','',69,'none','http://www.elegantthemes.com/gallery/boutique/','http://www.elegantthemes.com/demo/?theme=Boutique','none',1,1,2,2,1,1,5,'','WRLzDIMOPhUu','yes',1,1,0,0,'',0,'no',0,0,0,0,0,0,0,'draft','pending',0,0,0,0,0,0,0),(63,'2014-08-25 20:24:56','2014-08-25 20:24:56','eList Directory WordPress Theme','',69,'none','http://www.elegantthemes.com/gallery/elist/','http://www.elegantthemes.com/demo/?theme=eList','none',1,1,2,2,1,1,5,'','Fj1rTza7R9nX','yes',1,1,0,0,'',0,'no',0,0,0,0,0,0,0,'draft','pending',0,0,0,0,0,0,0),(64,'2014-08-25 20:24:56','2014-08-25 20:24:56','ArtSee WordPress Theme','',69,'none','http://www.elegantthemes.com/gallery/artsee/','http://www.elegantthemes.com/demo/?theme=ArtSee','none',1,1,2,2,1,1,5,'','ggaS62ftmWeT','yes',1,1,0,0,'',0,'no',0,0,0,0,0,0,0,'draft','pending',0,0,0,0,0,0,0),(65,'2014-08-25 20:24:56','2014-08-25 20:24:56','eGallery WordPress Theme','',69,'none','http://www.elegantthemes.com/gallery/egallery/','http://www.elegantthemes.com/demo/?theme=eGallery','none',1,1,2,2,1,1,5,'','pi0b6vfbR7H3','yes',1,1,0,0,'',0,'no',0,0,0,0,0,0,0,'draft','pending',0,0,0,0,0,0,0),(66,'2014-08-25 20:24:56','2014-08-25 20:24:56','eGamer WordPress Theme','',69,'none','http://www.elegantthemes.com/gallery/egamer/','http://www.elegantthemes.com/demo/?theme=eGamer','none',1,1,2,2,1,1,5,'','MlyUtsE8mRf8','yes',1,1,0,0,'',0,'no',0,0,0,0,0,0,0,'draft','pending',0,0,0,0,0,0,0),(67,'2014-08-25 20:24:56','2014-08-25 20:24:56','ePhoto WordPress Theme','',69,'none','http://www.elegantthemes.com/gallery/ephoto/','http://www.elegantthemes.com/demo/?theme=ePhoto','none',1,1,2,2,1,1,5,'','zM7UkF5JlC95','yes',1,1,0,0,'',0,'no',0,0,0,0,0,0,0,'draft','pending',0,0,0,0,0,0,0),(68,'2014-08-25 20:24:56','2014-08-25 20:24:56','Glow WordPress Theme','',69,'none','http://www.elegantthemes.com/gallery/glow/','http://www.elegantthemes.com/demo/?theme=Glow','none',1,1,2,2,1,1,5,'','DVVLCxf41LN8','yes',1,1,0,0,'',0,'no',0,0,0,0,0,0,0,'draft','pending',0,0,0,0,0,0,0),(69,'2014-08-25 20:24:56','2014-08-25 20:24:56','WhosWho WordPress Theme','',69,'none','http://www.elegantthemes.com/gallery/whoswho/','http://www.elegantthemes.com/demo/?theme=WhosWho','none',1,1,2,2,1,1,5,'','8Ex2yYkkAjT1','yes',1,1,0,0,'',0,'no',0,0,0,0,0,0,0,'draft','pending',0,0,0,0,0,0,0),(70,'2014-08-25 20:24:56','2014-08-25 20:24:56','eVid WordPress Theme','',69,'none','http://www.elegantthemes.com/gallery/evid/','http://www.elegantthemes.com/demo/?theme=eVid','none',1,1,2,2,1,1,5,'','lmqrrejxiI8B','yes',1,1,0,0,'',0,'no',0,0,0,0,0,0,0,'draft','pending',0,0,0,0,0,0,0),(71,'2014-08-25 20:24:56','2014-08-25 20:24:56','Bold WordPress Theme','',69,'none','http://www.elegantthemes.com/gallery/bold/','http://www.elegantthemes.com/demo/?theme=Bold','none',1,1,2,2,1,1,5,'','Xe7mfleu1k0N','yes',1,1,0,0,'',0,'no',0,0,0,0,0,0,0,'draft','pending',0,0,0,0,0,0,0),(72,'2014-08-25 20:24:56','2014-08-25 20:24:56','Basic WordPress Theme','',69,'none','http://www.elegantthemes.com/gallery/basic/','http://www.elegantthemes.com/demo/?theme=Basic','none',1,1,2,2,1,1,5,'','k5YuwBcxV4ev','yes',1,1,0,0,'',0,'no',0,0,0,0,0,0,0,'draft','pending',0,0,0,0,0,0,0),(73,'2014-08-25 20:24:56','2014-08-25 20:24:56','eBusiness WordPress Theme','',69,'none','http://www.elegantthemes.com/gallery/ebusiness/','http://www.elegantthemes.com/demo/?theme=eBusiness','none',1,1,2,2,1,1,5,'','P9MoxgY8Aans','yes',1,1,0,0,'',0,'no',0,0,0,0,0,0,0,'draft','pending',0,0,0,0,0,0,0),(74,'2014-08-25 20:24:56','2014-08-25 20:24:56','ColdStone WordPress Theme','',69,'none','http://www.elegantthemes.com/gallery/coldstone/','http://www.elegantthemes.com/demo/?theme=ColdStone','none',1,1,2,2,1,1,5,'','VKLhuAzhkK4O','yes',1,1,0,0,'',0,'no',0,0,0,0,0,0,0,'draft','pending',0,0,0,0,0,0,0),(75,'2014-08-25 20:24:56','2014-08-25 20:24:56','LightSource WordPress Theme','',69,'none','http://www.elegantthemes.com/gallery/lightsource/','http://www.elegantthemes.com/demo/?theme=LightSource','none',1,1,2,2,1,1,5,'','hIWcgZvoqNNR','yes',1,1,0,0,'',0,'no',0,0,0,0,0,0,0,'draft','pending',0,0,0,0,0,0,0),(76,'2014-08-25 20:24:56','2014-08-25 20:24:56','MyApp WordPress Theme','',69,'none','http://www.elegantthemes.com/gallery/myapp/','http://www.elegantthemes.com/demo/?theme=MyApp','none',1,1,2,2,1,1,5,'','wKlpa2u4xUZm','yes',1,1,0,0,'',0,'no',0,0,0,0,0,0,0,'draft','pending',0,0,0,0,0,0,0),(77,'2014-08-25 20:24:56','2014-08-25 20:24:56','eNews WordPress Theme','',69,'none','http://www.elegantthemes.com/gallery/enews/','http://www.elegantthemes.com/demo/?theme=eNews','none',1,1,2,2,1,1,5,'','6UKOpVh4L1UY','yes',1,1,0,0,'',0,'no',0,0,0,0,0,0,0,'draft','pending',0,0,0,0,0,0,0),(78,'2014-08-25 20:24:56','2014-08-25 20:24:56','BusinessCard WordPress Theme','',69,'none','http://www.elegantthemes.com/gallery/businesscard/','http://www.elegantthemes.com/demo/?theme=BusinessCard','none',1,1,2,2,1,1,5,'','PkbIjsHXd4Xw','yes',1,1,0,0,'',0,'no',0,0,0,0,0,0,0,'draft','pending',0,0,0,0,0,0,0),(79,'2014-08-25 20:24:56','2014-08-25 20:24:56','Lumin WordPress Theme','',69,'none','http://www.elegantthemes.com/gallery/lumin/','http://www.elegantthemes.com/demo/?theme=Lumin','none',1,1,2,2,1,1,5,'','Heb12IWHMDhb','yes',1,1,0,0,'',0,'no',0,0,0,0,0,0,0,'draft','pending',0,0,0,0,0,0,0),(80,'2014-08-25 20:24:56','2014-08-25 20:24:56','Polished WordPress Theme','',69,'none','http://www.elegantthemes.com/gallery/polished/','http://www.elegantthemes.com/demo/?theme=Polished','none',1,1,2,2,1,1,5,'','DsPGip2Gm8FO','yes',1,1,0,0,'',0,'no',0,0,0,0,0,0,0,'draft','pending',0,0,0,0,0,0,0),(81,'2014-08-25 20:24:56','2014-08-25 20:24:56','Quadro WordPress Theme','',69,'none','http://www.elegantthemes.com/gallery/quadro/','http://www.elegantthemes.com/demo/?theme=Quadro','none',1,1,2,2,1,1,5,'','MFaD57n7Ahdk','yes',1,1,0,0,'',0,'no',0,0,0,0,0,0,0,'draft','pending',0,0,0,0,0,0,0),(82,'2014-08-25 20:24:56','2014-08-25 20:24:56','PureType WordPress Theme','',69,'none','http://www.elegantthemes.com/gallery/puretype/','http://www.elegantthemes.com/demo/?theme=PureType','none',1,1,2,2,1,1,5,'','ThWPJMHxqaI1','yes',1,1,0,0,'',0,'no',0,0,0,0,0,0,0,'draft','pending',0,0,0,0,0,0,0),(83,'2014-08-25 20:24:56','2014-08-25 20:24:56','GrungeMag WordPress Theme','',69,'none','http://www.elegantthemes.com/gallery/grungemag/','http://www.elegantthemes.com/demo/?theme=GrungeMag','none',1,1,2,2,1,1,5,'','hgfj6dnalurp','yes',1,1,0,0,'',0,'no',0,0,0,0,0,0,0,'draft','pending',0,0,0,0,0,0,0),(84,'2014-08-25 20:24:56','2014-08-25 20:24:56','Influx WordPress Theme','',69,'none','http://www.elegantthemes.com/gallery/influx/','http://www.elegantthemes.com/demo/?theme=Influx','none',1,1,2,2,1,1,5,'','DlC7GcApAfjm','yes',1,1,0,0,'',0,'no',0,0,0,0,0,0,0,'draft','pending',0,0,0,0,0,0,0),(85,'2014-08-25 20:24:56','2014-08-25 20:24:56','Deviant WordPress Theme','',69,'none','http://www.elegantthemes.com/gallery/deviant/','http://www.elegantthemes.com/demo/?theme=Deviant','none',1,1,2,2,1,1,5,'','Uxw698klmkzn','yes',1,1,0,0,'',0,'no',0,0,0,0,0,0,0,'draft','pending',0,0,0,0,0,0,0),(86,'2014-08-25 20:24:56','2014-08-25 20:24:56','CherryTruffle WordPress Theme','',69,'none','http://www.elegantthemes.com/gallery/cherrytruffle/','http://www.elegantthemes.com/demo/?theme=CherryTruffle','none',1,1,2,2,1,1,5,'','4tW8odNRrgty','yes',1,1,0,0,'',0,'no',0,0,0,0,0,0,0,'draft','pending',0,0,0,0,0,0,0),(87,'2014-08-25 20:24:56','2014-08-25 20:24:56','Healthy Lifestyle','',0,'none','http://childthemes.premiumpress.com/product/computer-shop/','http://sp1.wlthemes.com/?skin=shop_computer','none',1,1,3,2,1,1,5,'','6lkpzVooxmkw','yes',1,1,0,0,'',0,'no',0,0,0,0,0,0,0,'draft','pending',0,0,0,0,0,0,0),(88,'2014-08-25 20:24:56','2014-08-25 20:24:56','Company Styles','',0,'none','http://childthemes.premiumpress.com/product/tool-comparison/','http://cm1.wlthemes.com/?skin=compare_tools','none',1,1,3,2,1,1,5,'','WkYy2VDM13Pr','yes',1,1,0,0,'',0,'no',0,0,0,0,0,0,0,'draft','pending',0,0,0,0,0,0,0),(89,'2014-08-25 20:24:56','2014-08-25 20:24:56','Wow Pink','',0,'none','http://childthemes.premiumpress.com/product/coupon-orange/','http://cp1.wlthemes.com/?skin=coupon_orange','none',1,1,3,2,1,1,5,'','0Pv9Uv6rxvvr','yes',1,1,0,0,'',0,'no',0,0,0,0,0,0,0,'draft','pending',0,0,0,0,0,0,0),(90,'2014-08-25 20:24:56','2014-08-25 20:24:56','Responsive Job Board Theme','',0,'none','http://www.premiumpress.com/jobboardtheme/','http://www.premiumpress.com/demo/jobboardtheme','none',1,1,3,2,1,1,5,'','GF7J2rSNg8bX','yes',1,1,0,0,'',0,'no',0,0,0,0,0,0,0,'draft','pending',0,0,0,0,0,0,0),(91,'2014-08-25 20:24:56','2014-08-25 20:24:56','Rocky Red','',0,'none','http://childthemes.premiumpress.com/product/miggilo/','http://dp1.wlthemes.com/?skin=adv_miggilo','none',1,1,3,2,1,1,5,'','EdyYX7kjbpiA','yes',1,1,0,0,'',0,'no',0,0,0,0,0,0,0,'draft','pending',0,0,0,0,0,0,0),(92,'2014-08-25 20:24:56','2014-08-25 20:24:56','Square Business','',0,'none','http://childthemes.premiumpress.com/product/coupon-yellow/','http://cp1.wlthemes.com/?skin=coupon_yellow','none',1,1,3,2,1,1,5,'','Nm55f09dbsUv','yes',1,1,0,0,'',0,'no',0,0,0,0,0,0,0,'draft','pending',0,0,0,0,0,0,0),(93,'2014-08-25 20:24:56','2014-08-25 20:24:56','Pink Shopper','',0,'none','http://childthemes.premiumpress.com/product/health-shop/','http://sp1.wlthemes.com/?skin=shop_health','none',1,1,3,2,1,1,5,'','apYhgr5D6Fe1','yes',1,1,0,0,'',0,'no',0,0,0,0,0,0,0,'draft','pending',0,0,0,0,0,0,0),(94,'2014-08-25 20:24:56','2014-08-25 20:24:56','Responsive Auction Theme','',0,'none','http://www.premiumpress.com/auctiontheme/','http://www.premiumpress.com/demo/auctiontheme','none',1,1,3,2,1,1,5,'','5vPGaH46PEHv','yes',1,1,0,0,'',0,'no',0,0,0,0,0,0,0,'draft','pending',0,0,0,0,0,0,0),(95,'2014-08-25 20:24:56','2014-08-25 20:24:56','Wow Pink','',0,'none','http://childthemes.premiumpress.com/product/green-diamond/','http://cp1.wlthemes.com/?skin=coupon_green_diamond','none',1,1,3,2,1,1,5,'','3S2fQDUvo9qr','yes',1,1,0,0,'',0,'no',0,0,0,0,0,0,0,'draft','pending',0,0,0,0,0,0,0),(96,'2014-08-25 20:24:56','2014-08-25 20:24:56','Camera Shop','',0,'none','http://childthemes.premiumpress.com/product/red-real-estate/','http://rt1.wlthemes.com/?skin=realestate_red','none',1,1,3,2,1,1,5,'','8mtjnccOY8s6','yes',1,1,0,0,'',0,'no',0,0,0,0,0,0,0,'draft','pending',0,0,0,0,0,0,0),(97,'2014-08-25 20:24:56','2014-08-25 20:24:56','Responsive Music Theme','',0,'none','http://www.premiumpress.com/musictheme/','http://www.premiumpress.com/demo/musictheme','none',1,1,3,2,1,1,5,'','fJS1cfVTSwBa','yes',1,1,0,0,'',0,'no',0,0,0,0,0,0,0,'draft','pending',0,0,0,0,0,0,0),(98,'2014-08-25 20:24:56','2014-08-25 20:24:56','Price Comparison Theme','',0,'none','http://www.premiumpress.com/comparisontheme/','http://www.premiumpress.com/demo/comparisontheme','none',1,1,3,2,1,1,5,'','Gk3HTe1vR124','yes',1,1,0,0,'',0,'no',0,0,0,0,0,0,0,'draft','pending',0,0,0,0,0,0,0),(99,'2014-08-25 20:24:56','2014-08-25 20:24:56','Responsive Classifieds Theme','',0,'none','http://www.premiumpress.com/classifiedsscript/','http://www.premiumpress.com/demo/classifiedsscript','none',1,1,3,2,1,1,5,'','SGtGwJBODKr8','yes',1,1,0,0,'',0,'no',0,0,0,0,0,0,0,'draft','pending',0,0,0,0,0,0,0),(100,'2014-08-25 20:24:56','2014-08-25 20:24:56','Healthy Lifestyle','',0,'none','http://childthemes.premiumpress.com/product/music-glob/','http://dp1.wlthemes.com/?skin=basic_Music-Globe','none',1,1,3,2,1,1,5,'','0PaPk7xD4p8V','yes',1,1,0,0,'',0,'no',0,0,0,0,0,0,0,'draft','pending',0,0,0,0,0,0,0),(101,'2014-08-25 20:24:56','2014-08-25 20:24:56','Responsive Real Estate Theme','',0,'none','http://www.premiumpress.com/realestatetheme/','http://www.premiumpress.com/demo/realestatetheme','none',1,1,3,2,1,1,5,'','RutA7shhb6pA','yes',1,1,0,0,'',0,'no',0,0,0,0,0,0,0,'draft','pending',0,0,0,0,0,0,0),(102,'2014-08-25 20:24:56','2014-08-25 20:24:56','Responsive Video Sharing Theme','',0,'none','http://www.premiumpress.com/videotheme/','http://www.premiumpress.com/demo/videotheme','none',1,1,3,2,1,1,5,'','UO7PeTP9dptT','yes',1,1,0,0,'',0,'no',0,0,0,0,0,0,0,'draft','pending',0,0,0,0,0,0,0),(103,'2014-08-25 20:24:56','2014-08-25 20:24:56','Responsive Shopping Cart Theme','',0,'none','http://www.premiumpress.com/shoptheme/','http://www.premiumpress.com/demo/shoptheme','none',1,1,3,2,1,1,5,'','IbmpJrGOSY8P','yes',1,1,0,0,'',0,'no',0,0,0,0,0,0,0,'draft','pending',0,0,0,0,0,0,0),(104,'2014-08-25 20:24:56','2014-08-25 20:24:56','Baby Classifieds','',0,'none','http://childthemes.premiumpress.com/product/new-wave/','http://dp1.wlthemes.com/?skin=basic_New-Wave','none',1,1,3,2,1,1,5,'','I01LRJcHnqCZ','yes',1,1,0,0,'',0,'no',0,0,0,0,0,0,0,'draft','pending',0,0,0,0,0,0,0),(105,'2014-08-25 20:24:56','2014-08-25 20:24:56','Black Shade','',0,'none','http://childthemes.premiumpress.com/product/dablu/','http://dp1.wlthemes.com/?skin=basic_Dablu','none',1,1,3,2,1,1,5,'','p1qyrIWVYKi5','yes',1,1,0,0,'',0,'no',0,0,0,0,0,0,0,'draft','pending',0,0,0,0,0,0,0),(106,'2014-08-25 20:24:56','2014-08-25 20:24:56','Purple Shopper','',0,'none','http://childthemes.premiumpress.com/product/news-top/','http://dp1.wlthemes.com/?skin=basic_News-Top','none',1,1,3,2,1,1,5,'','ksFQfYK2Ijyu','yes',1,1,0,0,'',0,'no',0,0,0,0,0,0,0,'draft','pending',0,0,0,0,0,0,0),(107,'2014-08-25 20:24:56','2014-08-25 20:24:56','Pet Shop','',0,'none','http://childthemes.premiumpress.com/product/go-natty/','http://dp1.wlthemes.com/?skin=basic_Go-Natty','none',1,1,3,2,1,1,5,'','UW6Tly263gmE','yes',1,1,0,0,'',0,'no',0,0,0,0,0,0,0,'draft','pending',0,0,0,0,0,0,0),(108,'2014-08-25 20:24:56','2014-08-25 20:24:56','Red Real Estate','',0,'none','http://childthemes.premiumpress.com/product/pinkflo/','http://dp1.wlthemes.com/?skin=basic_PinkFlo','none',1,1,3,2,1,1,5,'','jqHCG3qkURm6','yes',1,1,0,0,'',0,'no',0,0,0,0,0,0,0,'draft','pending',0,0,0,0,0,0,0),(109,'2014-08-25 20:24:56','2014-08-25 20:24:56','Responsive Coupon Theme','',0,'none','http://www.premiumpress.com/coupontheme/','http://www.premiumpress.com/demo/coupontheme','none',1,1,3,2,1,1,5,'','8xWHGEcViWuY','yes',1,1,0,0,'',0,'no',0,0,0,0,0,0,0,'draft','pending',0,0,0,0,0,0,0),(110,'2014-08-25 20:24:56','2014-08-25 20:24:56','Directory Theme for WordPress','',0,'none','http://www.premiumpress.com/directorytheme/','http://www.premiumpress.com/demo/directorytheme','none',1,1,3,2,1,1,5,'','wiygWnjSacYw','yes',1,1,0,0,'',0,'no',0,0,0,0,0,0,0,'draft','pending',0,0,0,0,0,0,0),(111,'2014-08-25 20:24:56','2014-08-25 20:24:56','Flower Shop','',0,'none','http://childthemes.premiumpress.com/product/black-shade/','http://dp1.wlthemes.com/?skin=basic_BlackShade','none',1,1,3,2,1,1,5,'','eto3mI7FAtMX','yes',1,1,0,0,'',0,'no',0,0,0,0,0,0,0,'draft','pending',0,0,0,0,0,0,0),(112,'2014-08-25 20:24:56','2014-08-25 20:24:56','Blue Planet','',0,'none','http://childthemes.premiumpress.com/product/healthy-lifestyle/','http://dp1.wlthemes.com/?skin=basic_Healthy-Lifestyle','none',1,1,3,2,1,1,5,'','GxBWeWLMrAoV','yes',1,1,0,0,'',0,'no',0,0,0,0,0,0,0,'draft','pending',0,0,0,0,0,0,0),(113,'2014-08-25 20:24:56','2014-08-25 20:24:56','PinkFlo','',0,'none','http://childthemes.premiumpress.com/product/company-styles/','http://dp1.wlthemes.com/?skin=basic_CompanyStyle','none',1,1,3,2,1,1,5,'','QLNRhECbtEcv','yes',1,1,0,0,'',0,'no',0,0,0,0,0,0,0,'draft','pending',0,0,0,0,0,0,0),(114,'2014-08-25 20:24:56','2014-08-25 20:24:56','Tall Trees','',0,'none','http://childthemes.premiumpress.com/product/blackpink/','http://dp1.wlthemes.com/?skin=basic_BlackPink','none',1,1,3,2,1,1,5,'','fYgUCWHxfAxZ','yes',1,1,0,0,'',0,'no',0,0,0,0,0,0,0,'draft','pending',0,0,0,0,0,0,0),(115,'2014-08-25 20:24:56','2014-08-25 20:24:56','Pink Shopper','',0,'none','http://childthemes.premiumpress.com/product/vacation-time/','http://dp1.wlthemes.com/?skin=basic_VacationTime','none',1,1,3,2,1,1,5,'','EBnUJFnyiTH3','yes',1,1,0,0,'',0,'no',0,0,0,0,0,0,0,'draft','pending',0,0,0,0,0,0,0),(116,'2014-08-25 20:24:56','2014-08-25 20:24:56','TechFlow','',0,'none','http://childthemes.premiumpress.com/product/fashion-shop/','http://sp1.wlthemes.com/?skin=shop_fashion','none',1,1,3,2,1,1,5,'','YWazyzNsFKLi','yes',1,1,0,0,'',0,'no',0,0,0,0,0,0,0,'draft','pending',0,0,0,0,0,0,0),(117,'2014-08-25 20:24:56','2014-08-25 20:24:56','iGreat','',0,'none','http://childthemes.premiumpress.com/product/lemisto/','http://dp1.wlthemes.com/?skin=basic_Lemisto','none',1,1,3,2,1,1,5,'','4X2TfGegCjD2','yes',1,1,0,0,'',0,'no',0,0,0,0,0,0,0,'draft','pending',0,0,0,0,0,0,0),(118,'2014-08-25 20:24:56','2014-08-25 20:24:56','CityNews','',0,'none','http://childthemes.premiumpress.com/product/blue-cosmos/','http://dp1.wlthemes.com/?skin=basic_Blue-Cosmos','none',1,1,3,2,1,1,5,'','so54O77Er28m','yes',1,1,0,0,'',0,'no',0,0,0,0,0,0,0,'draft','pending',0,0,0,0,0,0,0),(119,'2014-08-25 20:24:56','2014-08-25 20:24:56','Blue Shopper','',0,'none','http://childthemes.premiumpress.com/product/square-business/','http://dp1.wlthemes.com/?skin=basic_Square-Business','none',1,1,3,2,1,1,5,'','3nJDU9jWDyb5','yes',1,1,0,0,'',0,'no',0,0,0,0,0,0,0,'draft','pending',0,0,0,0,0,0,0),(120,'2014-08-25 20:24:56','2014-08-25 20:24:56','Spot','',0,'none','http://childthemes.premiumpress.com/product/igreat/','http://dp1.wlthemes.com/?skin=basic_iGreat','none',1,1,3,2,1,1,5,'','ge3TQKJzt7UM','yes',1,1,0,0,'',0,'no',0,0,0,0,0,0,0,'draft','pending',0,0,0,0,0,0,0),(121,'2014-08-25 20:24:56','2014-08-25 20:24:56','Dinata','',0,'none','http://childthemes.premiumpress.com/product/spot/','http://dp1.wlthemes.com/?skin=basic_Spot','none',1,1,3,2,1,1,5,'','sKY1foNhyPCR','yes',1,1,0,0,'',0,'no',0,0,0,0,0,0,0,'draft','pending',0,0,0,0,0,0,0),(122,'2014-08-25 20:24:56','2014-08-25 20:24:56','Purple Shopper','',0,'none','http://childthemes.premiumpress.com/product/caesar/','http://dp1.wlthemes.com/?skin=basic_Caesar','none',1,1,3,2,1,1,5,'','BWc48t8awfj3','yes',1,1,0,0,'',0,'no',0,0,0,0,0,0,0,'draft','pending',0,0,0,0,0,0,0),(123,'2014-08-25 20:24:56','2014-08-25 20:24:56','Camera Shop','',0,'none','http://childthemes.premiumpress.com/product/simply-done/','http://dp1.wlthemes.com/?skin=basic_SimplyDone','none',1,1,3,2,1,1,5,'','qQxLQ5Je2pQ1','yes',1,1,0,0,'',0,'no',0,0,0,0,0,0,0,'draft','pending',0,0,0,0,0,0,0),(124,'2014-08-25 20:24:56','2014-08-25 20:24:56','Tall Trees','',0,'none','http://childthemes.premiumpress.com/product/newday/','http://dp1.wlthemes.com/?skin=basic_NewDay','none',1,1,3,2,1,1,5,'','useLw5L2ziky','yes',1,1,0,0,'',0,'no',0,0,0,0,0,0,0,'draft','pending',0,0,0,0,0,0,0),(125,'2014-08-25 20:24:56','2014-08-25 20:24:56','News Top','',0,'none','http://childthemes.premiumpress.com/product/wildfly/','http://dp1.wlthemes.com/?skin=basic_WildFly','none',1,1,3,2,1,1,5,'','cCctcz1OXddB','yes',1,1,0,0,'',0,'no',0,0,0,0,0,0,0,'draft','pending',0,0,0,0,0,0,0),(126,'2014-08-25 20:24:56','2014-08-25 20:24:56','Brown Shopper','',0,'none','http://childthemes.premiumpress.com/product/traveling/','http://dp1.wlthemes.com/?skin=basic_Traveling','none',1,1,3,2,1,1,5,'','bhwuPyDrVTU9','yes',1,1,0,0,'',0,'no',0,0,0,0,0,0,0,'draft','pending',0,0,0,0,0,0,0),(127,'2014-08-25 20:24:56','2014-08-25 20:24:56','Dablu','',0,'none','http://childthemes.premiumpress.com/product/baby-shop/','http://sp1.wlthemes.com/?skin=basic_BabyShop','none',1,1,3,2,1,1,5,'','4bspx4HG5F9d','yes',1,1,0,0,'',0,'no',0,0,0,0,0,0,0,'draft','pending',0,0,0,0,0,0,0),(128,'2014-08-25 20:24:56','2014-08-25 20:24:56','Spot','',0,'none','http://childthemes.premiumpress.com/product/lift/','http://dp1.wlthemes.com/?skin=basic_Lifty','none',1,1,3,2,1,1,5,'','2RRYPEKKob5W','yes',1,1,0,0,'',0,'no',0,0,0,0,0,0,0,'draft','pending',0,0,0,0,0,0,0),(129,'2014-08-25 20:24:56','2014-08-25 20:24:56','Flower Shop','',0,'none','http://childthemes.premiumpress.com/product/red-shopper/','http://sp1.wlthemes.com/?skin=basic_shop_red','none',1,1,3,2,1,1,5,'','nePEj48OAAmp','yes',1,1,0,0,'',0,'no',0,0,0,0,0,0,0,'draft','pending',0,0,0,0,0,0,0),(130,'2014-08-25 20:24:56','2014-08-25 20:24:56','Baby Shop','',0,'none','http://childthemes.premiumpress.com/product/wow-pink/','http://dp1.wlthemes.com/?skin=basic_WowPink','none',1,1,3,2,1,1,5,'','0Gjq3VE0vcwu','yes',1,1,0,0,'',0,'no',0,0,0,0,0,0,0,'draft','pending',0,0,0,0,0,0,0),(131,'2014-08-25 20:24:56','2014-08-25 20:24:56','Light Green Shopper','',0,'none','http://childthemes.premiumpress.com/product/ebook-shop/','http://sp1.wlthemes.com/?skin=basic_eBookShop','none',1,1,3,2,1,1,5,'','lprifs5ZKEiZ','yes',1,1,0,0,'',0,'no',0,0,0,0,0,0,0,'draft','pending',0,0,0,0,0,0,0),(132,'2014-08-25 20:24:56','2014-08-25 20:24:56','Light Green Shopper','',0,'none','http://childthemes.premiumpress.com/product/car-classifieds/','http://ct1.wlthemes.com/?skin=classifieds_cars','none',1,1,3,2,1,1,5,'','u5JZL0a5LvhP','yes',1,1,0,0,'',0,'no',0,0,0,0,0,0,0,'draft','pending',0,0,0,0,0,0,0),(133,'2014-08-25 20:24:56','2014-08-25 20:24:56','Go Natty','',0,'none','http://childthemes.premiumpress.com/product/blue-shopper/','http://sp1.wlthemes.com/?skin=basic_shop_blue','none',1,1,3,2,1,1,5,'','tK7NWNdR1OtL','yes',1,1,0,0,'',0,'no',0,0,0,0,0,0,0,'draft','pending',0,0,0,0,0,0,0),(134,'2014-08-25 20:24:56','2014-08-25 20:24:56','Computer Shop','',0,'none','http://childthemes.premiumpress.com/product/golf-shop/','http://sp1.wlthemes.com/?skin=basic_GolfShop','none',1,1,3,2,1,1,5,'','r3EgNexNzkF9','yes',1,1,0,0,'',0,'no',0,0,0,0,0,0,0,'draft','pending',0,0,0,0,0,0,0),(135,'2014-08-25 20:24:56','2014-08-25 20:24:56','Edu','',0,'none','http://childthemes.premiumpress.com/product/mobile-shop/','http://sp1.wlthemes.com/?skin=basic_MobileShop','none',1,1,3,2,1,1,5,'','ovWpocKfPCHE','yes',1,1,0,0,'',0,'no',0,0,0,0,0,0,0,'draft','pending',0,0,0,0,0,0,0),(136,'2014-08-25 20:24:56','2014-08-25 20:24:56','Black Shade','',0,'none','http://childthemes.premiumpress.com/product/baby-classifieds/','http://ct1.wlthemes.com/?skin=classifieds_baby','none',1,1,3,2,1,1,5,'','oJZeZ2lTJK3c','yes',1,1,0,0,'',0,'no',0,0,0,0,0,0,0,'draft','pending',0,0,0,0,0,0,0),(137,'2014-08-25 20:24:56','2014-08-25 20:24:56','Miggilo','',0,'none','http://childthemes.premiumpress.com/product/boating-classifieds/','http://ct1.wlthemes.com/?skin=classifieds_boats','none',1,1,3,2,1,1,5,'','Qvt04zYBTraJ','yes',1,1,0,0,'',0,'no',0,0,0,0,0,0,0,'draft','pending',0,0,0,0,0,0,0),(138,'2014-08-25 20:24:56','2014-08-25 20:24:56','Mobile Classifieds','',0,'none','http://childthemes.premiumpress.com/product/computer-classifieds/','http://ct1.wlthemes.com/?skin=classifieds_computers','none',1,1,3,2,1,1,5,'','5IhVNAXWQOP9','yes',1,1,0,0,'',0,'no',0,0,0,0,0,0,0,'draft','pending',0,0,0,0,0,0,0),(139,'2014-08-25 20:24:56','2014-08-25 20:24:56','Dablu','',0,'none','http://childthemes.premiumpress.com/product/dinata/','http://dp1.wlthemes.com/?skin=basic_Dinata','none',1,1,3,2,1,1,5,'','n5QaMWCdJrhZ','yes',1,1,0,0,'',0,'no',0,0,0,0,0,0,0,'draft','pending',0,0,0,0,0,0,0),(140,'2014-08-25 20:24:56','2014-08-25 20:24:56','CityNews','',0,'none','http://childthemes.premiumpress.com/product/techflow/','http://dp1.wlthemes.com/?skin=basic_TechFlow','none',1,1,3,2,1,1,5,'','uLFjALCThSBL','yes',1,1,0,0,'',0,'no',0,0,0,0,0,0,0,'draft','pending',0,0,0,0,0,0,0),(141,'2014-08-25 20:24:56','2014-08-25 20:24:56','iGreat','',0,'none','http://childthemes.premiumpress.com/product/nettech/','http://dp1.wlthemes.com/?skin=basic_NetTech','none',1,1,3,2,1,1,5,'','KhbaBMP9jkla','yes',1,1,0,0,'',0,'no',0,0,0,0,0,0,0,'draft','pending',0,0,0,0,0,0,0),(142,'2014-08-25 20:24:56','2014-08-25 20:24:56','Lift','',0,'none','http://childthemes.premiumpress.com/product/nexia/','http://dp1.wlthemes.com/?skin=basic_Nexia','none',1,1,3,2,1,1,5,'','q8h4XOnFNfdb','yes',1,1,0,0,'',0,'no',0,0,0,0,0,0,0,'draft','pending',0,0,0,0,0,0,0),(143,'2014-08-25 20:24:56','2014-08-25 20:24:56','Company Styles','',0,'none','http://childthemes.premiumpress.com/product/practis/','http://dp1.wlthemes.com/?skin=basic_Practis','none',1,1,3,2,1,1,5,'','yuEj0eXlinw8','yes',1,1,0,0,'',0,'no',0,0,0,0,0,0,0,'draft','pending',0,0,0,0,0,0,0),(144,'2014-08-25 20:24:56','2014-08-25 20:24:56','Mobile Classifieds','',0,'none','http://childthemes.premiumpress.com/product/art-classifieds/','http://ct1.wlthemes.com/?skin=classifieds_art','none',1,1,3,2,1,1,5,'','8NZPtPPidR00','yes',1,1,0,0,'',0,'no',0,0,0,0,0,0,0,'draft','pending',0,0,0,0,0,0,0),(145,'2014-08-25 20:24:56','2014-08-25 20:24:56','Baby Shop','',0,'none','http://childthemes.premiumpress.com/product/mobile-classifieds/','http://ct1.wlthemes.com/?skin=classifieds_mobiles','none',1,1,3,2,1,1,5,'','4sCApwdiHEk1','yes',1,1,0,0,'',0,'no',0,0,0,0,0,0,0,'draft','pending',0,0,0,0,0,0,0),(146,'2014-08-25 20:24:56','2014-08-25 20:24:56','Rocky Red','',0,'none','http://childthemes.premiumpress.com/product/edu/','http://dp1.wlthemes.com/?skin=basic_Edu','none',1,1,3,2,1,1,5,'','46I0yHxAZ9vU','yes',1,1,0,0,'',0,'no',0,0,0,0,0,0,0,'draft','pending',0,0,0,0,0,0,0),(147,'2014-08-25 20:24:56','2014-08-25 20:24:56','Simply Done','',0,'none','http://childthemes.premiumpress.com/product/flower-shop/','http://sp1.wlthemes.com/?skin=basic_FlowerShop','none',1,1,3,2,1,1,5,'','u9Lg3AEK16GS','yes',1,1,0,0,'',0,'no',0,0,0,0,0,0,0,'draft','pending',0,0,0,0,0,0,0),(148,'2014-08-25 20:24:56','2014-08-25 20:24:56','Flower Shop','',0,'none','http://childthemes.premiumpress.com/product/citynews/','http://dp1.wlthemes.com/?skin=basic_CityNews','none',1,1,3,2,1,1,5,'','BYQAOkyoy9PY','yes',1,1,0,0,'',0,'no',0,0,0,0,0,0,0,'draft','pending',0,0,0,0,0,0,0),(149,'2014-08-25 20:24:56','2014-08-25 20:24:56','WildFly','',0,'none','http://childthemes.premiumpress.com/product/rocky-red/','http://dp1.wlthemes.com/?skin=basic_RockyRed','none',1,1,3,2,1,1,5,'','9FpK93WXM5nt','yes',1,1,0,0,'',0,'no',0,0,0,0,0,0,0,'draft','pending',0,0,0,0,0,0,0),(150,'2014-08-25 20:24:56','2014-08-25 20:24:56','Health Shop','',0,'none','http://childthemes.premiumpress.com/product/clear-blue/','http://dp1.wlthemes.com/?skin=wlt_clearblue','none',1,1,3,2,1,1,5,'','ZK9M2Ji5NSiD','yes',1,1,0,0,'',0,'no',0,0,0,0,0,0,0,'draft','pending',0,0,0,0,0,0,0),(151,'2014-08-25 20:24:56','2014-08-25 20:24:56','Healthy Lifestyle','',0,'none','http://childthemes.premiumpress.com/product/camera-shop/','http://sp1.wlthemes.com/?skin=basic_CameraShop','none',1,1,3,2,1,1,5,'','c7no6gR3KEDC','yes',1,1,0,0,'',0,'no',0,0,0,0,0,0,0,'draft','pending',0,0,0,0,0,0,0),(152,'2014-08-25 20:24:56','2014-08-25 20:24:56','Camera Shop','',0,'none','http://childthemes.premiumpress.com/product/blue-planet/','http://dp1.wlthemes.com/?skin=wlt_blueplanet','none',1,1,3,2,1,1,5,'','BWPeO6SeV09r','yes',1,1,0,0,'',0,'no',0,0,0,0,0,0,0,'draft','pending',0,0,0,0,0,0,0),(153,'2014-08-25 20:24:56','2014-08-25 20:24:56','Dinata','',0,'none','http://childthemes.premiumpress.com/product/search-me/','http://dp1.wlthemes.com/?skin=wlt_searchme','none',1,1,3,2,1,1,5,'','uOoapYRvdqWs','yes',1,1,0,0,'',0,'no',0,0,0,0,0,0,0,'draft','pending',0,0,0,0,0,0,0),(154,'2014-08-25 20:24:56','2014-08-25 20:24:56','Vacation Time','',0,'none','http://childthemes.premiumpress.com/product/pink-shopper/','http://sp1.wlthemes.com/?skin=basic_shop_pink','none',1,1,3,2,1,1,5,'','HceBw8ExyL8O','yes',1,1,0,0,'',0,'no',0,0,0,0,0,0,0,'draft','pending',0,0,0,0,0,0,0),(155,'2014-08-25 20:24:56','2014-08-25 20:24:56','Red Shopper','',0,'none','http://childthemes.premiumpress.com/product/pet-shop/','http://sp1.wlthemes.com/?skin=basic_PetShop','none',1,1,3,2,1,1,5,'','avbXV9222WxK','yes',1,1,0,0,'',0,'no',0,0,0,0,0,0,0,'draft','pending',0,0,0,0,0,0,0),(156,'2014-08-25 20:24:56','2014-08-25 20:24:56','Horse Classifieds','',0,'none','http://childthemes.premiumpress.com/product/purple-shopper/','http://sp1.wlthemes.com/?skin=basic_shop_purple','none',1,1,3,2,1,1,5,'','cie9yPNdfK1s','yes',1,1,0,0,'',0,'no',0,0,0,0,0,0,0,'draft','pending',0,0,0,0,0,0,0),(157,'2014-08-25 20:24:56','2014-08-25 20:24:56','Tool Comparison','',0,'none','http://childthemes.premiumpress.com/product/talltrees/','http://dp1.wlthemes.com/?skin=wlt_talltrees','none',1,1,3,2,1,1,5,'','angiGHsh9cLx','yes',1,1,0,0,'',0,'no',0,0,0,0,0,0,0,'draft','pending',0,0,0,0,0,0,0),(158,'2014-08-25 20:24:56','2014-08-25 20:24:56','Blue Cosmos','',0,'none','http://childthemes.premiumpress.com/product/orange-shopper/','http://sp1.wlthemes.com/?skin=basic_shop_orange','none',1,1,3,2,1,1,5,'','XoEHL6Rq24UT','yes',1,1,0,0,'',0,'no',0,0,0,0,0,0,0,'draft','pending',0,0,0,0,0,0,0),(159,'2014-08-25 20:24:56','2014-08-25 20:24:56','Wow Pink','',0,'none','http://childthemes.premiumpress.com/product/brown-shopper/','http://sp1.wlthemes.com/?skin=basic_shop_brown','none',1,1,3,2,1,1,5,'','B1FULKHZzLz2','yes',1,1,0,0,'',0,'no',0,0,0,0,0,0,0,'draft','pending',0,0,0,0,0,0,0),(160,'2014-08-25 20:24:56','2014-08-25 20:24:56','News Top','',0,'none','http://childthemes.premiumpress.com/product/compare-shop/','http://cm1.wlthemes.com/?skin=basic_CompareShop','none',1,1,3,2,1,1,5,'','L3JQbqON3I7Y','yes',1,1,0,0,'',0,'no',0,0,0,0,0,0,0,'draft','pending',0,0,0,0,0,0,0),(161,'2014-08-25 20:24:56','2014-08-25 20:24:56','Green Diamond','',0,'none','http://childthemes.premiumpress.com/product/lets-cook/','http://dp1.wlthemes.com/?skin=wlt_letscook','none',1,1,3,2,1,1,5,'','7OfJNpEfaaJV','yes',1,1,0,0,'',0,'no',0,0,0,0,0,0,0,'draft','pending',0,0,0,0,0,0,0),(162,'2014-08-25 20:24:56','2014-08-25 20:24:56','Blue Shopper','',0,'none','http://childthemes.premiumpress.com/product/dark-green-shopper/','http://sp1.wlthemes.com/?skin=basic_shop_dark_green','none',1,1,3,2,1,1,5,'','Kg8jvSxZvUjy','yes',1,1,0,0,'',0,'no',0,0,0,0,0,0,0,'draft','pending',0,0,0,0,0,0,0),(163,'2014-08-25 20:24:56','2014-08-25 20:24:56','Caesar','',0,'none','http://childthemes.premiumpress.com/product/horse-classifieds/','http://ct1.wlthemes.com/?skin=classifieds_horses','none',1,1,3,2,1,1,5,'','YX21vYan0lS2','yes',1,1,0,0,'',0,'no',0,0,0,0,0,0,0,'draft','pending',0,0,0,0,0,0,0),(164,'2014-08-25 20:24:56','2014-08-25 20:24:56','Computer Shop','',0,'none','http://childthemes.premiumpress.com/product/light-green-shopper/','http://sp1.wlthemes.com/?skin=basic_shop_light_green','none',1,1,3,2,1,1,5,'','2DAFi44O6qm5','yes',1,1,0,0,'',0,'no',0,0,0,0,0,0,0,'draft','pending',0,0,0,0,0,0,0),(165,'2014-08-25 20:24:56','2014-08-25 20:24:56','Emblem','',49,'none','http://templatic.com/app-themes/emblem','http://templatic.com/demos/emblem','none',1,1,4,2,1,1,5,'','3nbom8iB63Kv','yes',1,1,0,0,'',0,'no',0,0,0,0,0,0,0,'draft','pending',0,0,0,0,0,0,0),(166,'2014-08-25 20:24:56','2014-08-25 20:24:56','MiniMagazine Dark','',49,'none','http://templatic.com/magazine-themes/minimagazine-dark','http://templatic.net/demo2/minimagazine-dark/','none',1,1,4,2,1,1,5,'','Ejq0dvomywM7','yes',1,1,0,0,'',0,'no',0,0,0,0,0,0,0,'draft','pending',0,0,0,0,0,0,0),(167,'2014-08-25 20:24:56','2014-08-25 20:24:56','NewsTime','',49,'none','http://templatic.com/magazine-themes/news-time','http://templatic.net/demos/newstime/','none',1,1,4,2,1,1,5,'','eltsab9asQyd','yes',1,1,0,0,'',0,'no',0,0,0,0,0,0,0,'draft','pending',0,0,0,0,0,0,0),(168,'2014-08-25 20:24:56','2014-08-25 20:24:56','Restaurant','',49,'none','http://templatic.com/cms-themes/restaurant','http://templatic.net/demo2/restaurant/','none',1,1,4,2,1,1,5,'','kwBFQBUU9yMK','yes',1,1,0,0,'',0,'no',0,0,0,0,0,0,0,'draft','pending',0,0,0,0,0,0,0),(169,'2014-08-25 20:24:56','2014-08-25 20:24:56','Article Directory','',49,'none','http://templatic.com/app-themes/article-directory','http://templatic.net/demo2/articledirectory','none',1,1,4,2,1,1,5,'','nVBAYMZqpQgS','yes',1,1,0,0,'',0,'no',0,0,0,0,0,0,0,'draft','pending',0,0,0,0,0,0,0),(170,'2014-08-25 20:24:56','2014-08-25 20:24:56','MiniMagazine Light','',49,'none','http://templatic.com/magazine-themes/minimagazine-light','http://templatic.net/demo2/minimagazine-light/','none',1,1,4,2,1,1,5,'','TbPaRAnghLtN','yes',1,1,0,0,'',0,'no',0,0,0,0,0,0,0,'draft','pending',0,0,0,0,0,0,0),(171,'2014-08-25 20:24:56','2014-08-25 20:24:56','Coming Soon','',49,'none','http://templatic.com/freethemes/coming-soon','http://www.templatemonster.com','none',1,1,4,2,1,1,5,'','WXr9dqB3OrHC','yes',1,1,0,0,'',0,'no',0,0,0,0,0,0,0,'draft','pending',0,0,0,0,0,0,0),(172,'2014-08-25 20:24:56','2014-08-25 20:24:56','Hospitality','',49,'none','http://templatic.com/cms-themes/hospitality-premium-wordpress-theme','http://templatic.com/demos/hospitality','none',1,1,4,2,1,1,5,'','lxJPin4c4Fef','yes',1,1,0,0,'',0,'no',0,0,0,0,0,0,0,'draft','pending',0,0,0,0,0,0,0),(173,'2014-08-25 20:24:56','2014-08-25 20:24:56','Magazine','',49,'none','http://templatic.com/magazine-themes/magazine-wordpress-theme','http://templatic.net/demo2/magazine/','none',1,1,4,2,1,1,5,'','kwXvv3CTXcK4','yes',1,1,0,0,'',0,'no',0,0,0,0,0,0,0,'draft','pending',0,0,0,0,0,0,0),(174,'2014-08-25 20:24:56','2014-08-25 20:24:56','Foodilicious','',49,'none','http://templatic.com/cms-themes/foodilicious','http://templatic.com/demos/foodilicious','none',1,1,4,2,1,1,5,'','gn7kvXknisvk','yes',1,1,0,0,'',0,'no',0,0,0,0,0,0,0,'draft','pending',0,0,0,0,0,0,0),(175,'2014-08-25 20:24:56','2014-08-25 20:24:56','PlusOne','',49,'none','http://templatic.com/app-themes/plusone','http://templatic.net/demo2/plusone/','none',1,1,4,2,1,1,5,'','xvv1r0BmLTk8','yes',1,1,0,0,'',0,'no',0,0,0,0,0,0,0,'draft','pending',0,0,0,0,0,0,0),(176,'2014-08-25 20:24:56','2014-08-25 20:24:56','Photocraft','',49,'none','http://templatic.com/portfolio-themes/photocraft','http://templatic.net/demos/photocraft','none',1,1,4,2,1,1,5,'','FnIQUEZHXWrk','yes',1,1,0,0,'',0,'no',0,0,0,0,0,0,0,'draft','pending',0,0,0,0,0,0,0),(177,'2014-08-25 20:24:56','2014-08-25 20:24:56','Video','',49,'none','http://templatic.com/freethemes/video','http://templatic.com/demos/?theme=video','none',1,1,4,2,1,1,5,'','18YLN5DLkZ1v','yes',1,1,0,0,'',0,'no',0,0,0,0,0,0,0,'draft','pending',0,0,0,0,0,0,0),(178,'2014-08-25 20:24:56','2014-08-25 20:24:56','Private Lawyer','',49,'none','http://templatic.com/cms-themes/private-lawyer','http://templatic.com/demos/privatelawyer','none',1,1,4,2,1,1,5,'','fNPqNePfNUF7','yes',1,1,0,0,'',0,'no',0,0,0,0,0,0,0,'draft','pending',0,0,0,0,0,0,0),(179,'2014-08-25 20:24:56','2014-08-25 20:24:56','WebHosting','',49,'none','http://templatic.com/cms-themes/webhosting-theme-wordpress','http://templatic.com/demos/webhosting','none',1,1,4,2,1,1,5,'','yQsRkDglZV9u','yes',1,1,0,0,'',0,'no',0,0,0,0,0,0,0,'draft','pending',0,0,0,0,0,0,0),(180,'2014-08-25 20:24:56','2014-08-25 20:24:56','TechNews','',49,'none','http://templatic.com/magazine-themes/technews-advanced-blog-theme','http://templatic.com/demos/technews','none',1,1,4,2,1,1,5,'','Qf6o17uWHarj','yes',1,1,0,0,'',0,'no',0,0,0,0,0,0,0,'draft','pending',0,0,0,0,0,0,0),(181,'2014-08-25 20:24:56','2014-08-25 20:24:56','WP Premium','',49,'none','http://templatic.com/freethemes/wp-premium','http://templatic.com/demos/?theme=wppremium','none',1,1,4,2,1,1,5,'','HdLVrbRPR6x9','yes',1,1,0,0,'',0,'no',0,0,0,0,0,0,0,'draft','pending',0,0,0,0,0,0,0),(182,'2014-08-25 20:24:56','2014-08-25 20:24:56','Catalog','',49,'none','http://templatic.com/ecommerce-themes/catalog-responsive-woocommerce','http://templatic.com/demos/catalog','none',1,1,4,2,1,1,5,'','5ENGdI23hsDz','yes',1,1,0,0,'',0,'no',0,0,0,0,0,0,0,'draft','pending',0,0,0,0,0,0,0),(183,'2014-08-25 20:24:56','2014-08-25 20:24:56','Price Compare','',49,'none','http://templatic.com/app-themes/price-compare-wordpress-app-theme','http://templatic.com/demos/pricecompare','none',1,1,4,2,1,1,5,'','rZF3XuGUjp1U','yes',1,1,0,0,'',0,'no',0,0,0,0,0,0,0,'draft','pending',0,0,0,0,0,0,0),(184,'2014-08-25 20:24:56','2014-08-25 20:24:56','Automobile','',49,'none','http://templatic.com/app-themes/automobile','http://templatic.com/demos/automobile','none',1,1,4,2,1,1,5,'','DdR3ZHsuGDYQ','yes',1,1,0,0,'',0,'no',0,0,0,0,0,0,0,'draft','pending',0,0,0,0,0,0,0),(185,'2014-08-25 20:24:56','2014-08-25 20:24:56','Education Academy','',49,'none','http://templatic.com/portfolio-themes/education-academy-premium-wordpress-portfolio-theme','http://templatic.com/demos/educationacademy','none',1,1,4,2,1,1,5,'','lumjgHyjnlBO','yes',1,1,0,0,'',0,'no',0,0,0,0,0,0,0,'draft','pending',0,0,0,0,0,0,0),(186,'2014-08-25 20:24:56','2014-08-25 20:24:56','CoolCart','',49,'none','http://templatic.com/ecommerce-themes/coolcart-responsive-woocommerce-theme','http://templatic.com/demos/coolcart','none',1,1,4,2,1,1,5,'','1asL5XfdpNUv','yes',1,1,0,0,'',0,'no',0,0,0,0,0,0,0,'draft','pending',0,0,0,0,0,0,0),(187,'2014-08-25 20:24:56','2014-08-25 20:24:56','Store','',49,'none','http://templatic.com/ecommerce-themes/store','http://templatic.com/demos/store','none',1,1,4,2,1,1,5,'','b2p6kG3ZPBP0','yes',1,1,0,0,'',0,'no',0,0,0,0,0,0,0,'draft','pending',0,0,0,0,0,0,0),(188,'2014-08-25 20:24:56','2014-08-25 20:24:56','Rejuvenate','',49,'none','http://templatic.com/cms-themes/rejuvenate-premium-wordpress-theme-for-your-business','http://templatic.com/demos/rejuvenate','none',1,1,4,2,1,1,5,'','5YS78YZG09ml','yes',1,1,0,0,'',0,'no',0,0,0,0,0,0,0,'draft','pending',0,0,0,0,0,0,0),(189,'2014-08-25 20:24:56','2014-08-25 20:24:56','DigitalBox','',49,'none','http://templatic.com/ecommerce-themes/digitalbox','http://templatic.com/demos/digitalbox','none',1,1,4,2,1,1,5,'','3qyUKp2mqSSH','yes',1,1,0,0,'',0,'no',0,0,0,0,0,0,0,'draft','pending',0,0,0,0,0,0,0),(190,'2014-08-25 20:24:56','2014-08-25 20:24:56','Real Estate 2','',49,'none','http://templatic.com/app-themes/real-estate-wordpress-theme-templatic','http://templatic.com/demos/realestate','none',1,1,4,2,1,1,5,'','ePSP3WwNkZIp','yes',1,1,0,0,'',0,'no',0,0,0,0,0,0,0,'draft','pending',0,0,0,0,0,0,0),(191,'2014-08-25 20:24:56','2014-08-25 20:24:56','Reviews','',49,'none','http://templatic.com/app-themes/reviews-app-wordpress-theme','http://templatic.com/demos/reviews','none',1,1,4,2,1,1,5,'','OjinuIU8Vjd8','yes',1,1,0,0,'',0,'no',0,0,0,0,0,0,0,'draft','pending',0,0,0,0,0,0,0),(192,'2014-08-25 20:24:56','2014-08-25 20:24:56','Automotive','',49,'none','http://templatic.com/cms-themes/automotive-responsive-vehicle-directory','http://templatic.com/demos/automotive','none',1,1,4,2,1,1,5,'','2ACxLH5Ng0Fv','yes',1,1,0,0,'',0,'no',0,0,0,0,0,0,0,'draft','pending',0,0,0,0,0,0,0),(193,'2014-08-25 20:24:56','2014-08-25 20:24:56','Spa Salon','',49,'none','http://templatic.com/app-themes/spa-salon','http://templatic.com/demos/spasalon','none',1,1,4,2,1,1,5,'','FrPhiAzjM2FV','yes',1,1,0,0,'',0,'no',0,0,0,0,0,0,0,'draft','pending',0,0,0,0,0,0,0),(194,'2014-08-25 20:24:56','2014-08-25 20:24:56','eMarket','',49,'none','http://templatic.com/ecommerce-themes/market-ecommerce-theme-wordpress','http://templatic.com/demos/emarket','none',1,1,4,2,1,1,5,'','lHXvoheDPy2I','yes',1,1,0,0,'',0,'no',0,0,0,0,0,0,0,'draft','pending',0,0,0,0,0,0,0),(195,'2014-08-25 20:24:56','2014-08-25 20:24:56','Answers','',49,'none','http://templatic.com/app-themes/answers','http://templatic.com/demos/answers','none',1,1,4,2,1,1,5,'','s2HTsfiAQUmd','yes',1,1,0,0,'',0,'no',0,0,0,0,0,0,0,'draft','pending',0,0,0,0,0,0,0),(196,'2014-08-25 20:24:56','2014-08-25 20:24:56','Kidz Store','',49,'none','http://templatic.com/ecommerce-themes/kidz-store-wordpress-theme','http://templatic.com/demos/kidzstore','none',1,1,4,2,1,1,5,'','t7cr09PpiT5p','yes',1,1,0,0,'',0,'no',0,0,0,0,0,0,0,'draft','pending',0,0,0,0,0,0,0),(197,'2014-08-25 20:24:56','2014-08-25 20:24:56','eShop','',49,'none','http://templatic.com/ecommerce-themes/eshop','http://templatic.com/demos/eshop','none',1,1,4,2,1,1,5,'','lgw1HSxqzAkv','yes',1,1,0,0,'',0,'no',0,0,0,0,0,0,0,'draft','pending',0,0,0,0,0,0,0),(198,'2014-08-25 20:24:56','2014-08-25 20:24:56','Cartsy','',49,'none','http://templatic.com/ecommerce-themes/cartsy-wordpress-woocommerce-theme','http://templatic.com/demos/cartsy','none',1,1,4,2,1,1,5,'','boCsLvjnbZxw','yes',1,1,0,0,'',0,'no',0,0,0,0,0,0,0,'draft','pending',0,0,0,0,0,0,0),(199,'2014-08-25 20:24:56','2014-08-25 20:24:56','iPhone App','',49,'none','http://templatic.com/cms-themes/iphone-app','http://templatic.com/demos/iphoneapp','none',1,1,4,2,1,1,5,'','iNz4VuKSZkDq','yes',1,1,0,0,'',0,'no',0,0,0,0,0,0,0,'draft','pending',0,0,0,0,0,0,0),(200,'2014-08-25 20:24:56','2014-08-25 20:24:56','StoreBox','',49,'none','http://templatic.com/ecommerce-themes/storebox','http://templatic.com/demos/storebox','none',1,1,4,2,1,1,5,'','ha4H8RpLz8gb','yes',1,1,0,0,'',0,'no',0,0,0,0,0,0,0,'draft','pending',0,0,0,0,0,0,0),(201,'2014-08-25 20:24:56','2014-08-25 20:24:56','Appointment','',49,'none','http://templatic.com/app-themes/appointment','http://templatic.com/demos/appointment','none',1,1,4,2,1,1,5,'','1rCgwfA1EbDk','yes',1,1,0,0,'',0,'no',0,0,0,0,0,0,0,'draft','pending',0,0,0,0,0,0,0),(202,'2014-08-25 20:24:56','2014-08-25 20:24:56','Emporium','',49,'none','http://templatic.com/ecommerce-themes/emporium','http://templatic.com/demos/emporium','none',1,1,4,2,1,1,5,'','4C3J5QDJGFRj','yes',1,1,0,0,'',0,'no',0,0,0,0,0,0,0,'draft','pending',0,0,0,0,0,0,0),(203,'2014-08-25 20:24:56','2014-08-25 20:24:56','e-Commerce','',49,'none','http://templatic.com/ecommerce-themes/ecommerce','http://templatic.com/demos/ecommerce','none',1,1,4,2,1,1,5,'','ZbTa33oakc96','yes',1,1,0,0,'',0,'no',0,0,0,0,0,0,0,'draft','pending',0,0,0,0,0,0,0),(204,'2014-08-25 20:24:56','2014-08-25 20:24:56','Job Board','',49,'none','http://templatic.com/app-themes/jobboard','http://templatic.com/demos/jobboard','none',1,1,4,2,1,1,5,'','1M6XXMHEoiVY','yes',1,1,0,0,'',0,'no',0,0,0,0,0,0,0,'draft','pending',0,0,0,0,0,0,0),(205,'2014-08-25 20:24:56','2014-08-25 20:24:56','WP Store','',49,'none','http://templatic.com/ecommerce-themes/wp-store-premium-wordpress-theme','http://templatic.com/demos/wpstore','none',1,1,4,2,1,1,5,'','LTfymKBG0PIV','yes',1,1,0,0,'',0,'no',0,0,0,0,0,0,0,'draft','pending',0,0,0,0,0,0,0),(206,'2014-08-25 20:24:56','2014-08-25 20:24:56','Service Biz','',49,'none','http://templatic.com/app-themes/appointment-booking-wordpress-theme','http://templatic.com/demos/service-biz','none',1,1,4,2,1,1,5,'','OHMk8wDOGbSi','yes',1,1,0,0,'',0,'no',0,0,0,0,0,0,0,'draft','pending',0,0,0,0,0,0,0),(207,'2014-08-25 20:24:56','2014-08-25 20:24:56','Responsive','',49,'none','http://templatic.com/portfolio-themes/responsive','http://templatic.com/demos/responsive','none',1,1,4,2,1,1,5,'','qYOrDMP3u2TD','yes',1,1,0,0,'',0,'no',0,0,0,0,0,0,0,'draft','pending',0,0,0,0,0,0,0),(208,'2014-08-25 20:24:56','2014-08-25 20:24:56','Events v2','',49,'none','http://templatic.com/app-themes/events','http://templatic.com/demos/events','none',1,1,4,2,1,1,5,'','Vg8sT1J12bve','yes',1,1,0,0,'',0,'no',0,0,0,0,0,0,0,'draft','pending',0,0,0,0,0,0,0),(209,'2014-08-25 20:24:56','2014-08-25 20:24:56','Restaurante','',49,'none','http://templatic.com/app-themes/restaurant-wordpress-theme','http://templatic.com/demos/restaurante','none',1,1,4,2,1,1,5,'','ZHdtKTDVoswU','yes',1,1,0,0,'',0,'no',0,0,0,0,0,0,0,'draft','pending',0,0,0,0,0,0,0),(210,'2014-08-25 20:24:56','2014-08-25 20:24:56','OnePager','',49,'none','http://templatic.com/portfolio-themes/multipurpose-responsive-one-page-portfolio-theme','http://templatic.com/demos/onepager','none',1,1,4,2,1,1,5,'','8lS8S7OoBDGh','yes',1,1,0,0,'',0,'no',0,0,0,0,0,0,0,'draft','pending',0,0,0,0,0,0,0),(211,'2014-08-25 20:24:56','2014-08-25 20:24:56','Publisher','',49,'none','http://templatic.com/app-themes/publisher','http://templatic.com/demos/publisher','none',1,1,4,2,1,1,5,'','tL4rk99RRT9X','yes',1,1,0,0,'',0,'no',0,0,0,0,0,0,0,'draft','pending',0,0,0,0,0,0,0),(212,'2014-08-25 20:24:56','2014-08-25 20:24:56','Nightlife','',49,'none','http://templatic.com/cms-themes/nightlife-events-directory-wordpress-theme','http://templatic.com/demos/nightlife','none',1,1,4,2,1,1,5,'','a1bZkU7JO2jf','yes',1,1,0,0,'',0,'no',0,0,0,0,0,0,0,'draft','pending',0,0,0,0,0,0,0),(213,'2014-08-25 20:24:56','2014-08-25 20:24:56','5 Star','',49,'none','http://templatic.com/app-themes/5-star-responsive-hotel-theme','http://templatic.com/demos/5star','none',1,1,4,2,1,1,5,'','1RXePvo6cAaZ','yes',1,1,0,0,'',0,'no',0,0,0,0,0,0,0,'draft','pending',0,0,0,0,0,0,0),(214,'2014-08-25 20:24:56','2014-08-25 20:24:56','Anchor','',49,'none','http://templatic.com/cms-themes/anchor-responsive-magazine-theme','http://templatic.com/demos/anchor','none',1,1,4,2,1,1,5,'','TkCZeYp5W5MH','yes',1,1,0,0,'',0,'no',0,0,0,0,0,0,0,'draft','pending',0,0,0,0,0,0,0),(215,'2014-08-25 20:24:56','2014-08-25 20:24:56','Daily Deal','',49,'none','http://templatic.com/app-themes/daily-deal-premium-wordpress-app-theme','http://templatic.com/demos/dailydeal','none',1,1,4,2,1,1,5,'','3jJ0f0YYtksa','yes',1,1,0,0,'',0,'no',0,0,0,0,0,0,0,'draft','pending',0,0,0,0,0,0,0),(216,'2014-08-25 20:24:56','2014-08-25 20:24:56','Specialist','',49,'none','http://templatic.com/cms-themes/specialist-business-wordpress-theme','http://templatic.com/demos/specialist','none',1,1,4,2,1,1,5,'','sdUd4yBGrSMG','yes',1,1,0,0,'',0,'no',0,0,0,0,0,0,0,'draft','pending',0,0,0,0,0,0,0),(217,'2014-08-25 20:24:56','2014-08-25 20:24:56','eBook','',49,'none','http://templatic.com/cms-themes/ebook','http://templatic.com/demos/ebook','none',1,1,4,2,1,1,5,'','D5S4hu5mUscp','yes',1,1,0,0,'',0,'no',0,0,0,0,0,0,0,'draft','pending',0,0,0,0,0,0,0),(218,'2014-08-25 20:24:56','2014-08-25 20:24:56','Geo Places','',49,'none','http://templatic.com/app-themes/geo-places-city-directory-wordpress-theme','http://templatic.com/demos/geoplaces','none',1,1,4,2,1,1,5,'','dBAE6OzX48GL','yes',1,1,0,0,'',0,'no',0,0,0,0,0,0,0,'draft','pending',0,0,0,0,0,0,0),(219,'2014-08-25 20:24:56','2014-08-25 20:24:56','Landing Page','',49,'none','http://templatic.com/portfolio-themes/wordpress-landing-page-theme','http://templatic.com/demos/?theme=landingpage','none',1,1,4,2,1,1,5,'','ZO6eBuc4QXEI','yes',1,1,0,0,'',0,'no',0,0,0,0,0,0,0,'draft','pending',0,0,0,0,0,0,0),(220,'2014-08-25 20:24:56','2014-08-25 20:24:56','Vacation Rental','',49,'none','http://templatic.com/app-themes/vacation-rental','http://templatic.com/demos/vacationrental','none',1,1,4,2,1,1,5,'','MpeS41sIjxqJ','yes',1,1,0,0,'',0,'no',0,0,0,0,0,0,0,'draft','pending',0,0,0,0,0,0,0),(221,'2014-08-25 20:24:56','2014-08-25 20:24:56','ShowStopper','',49,'none','http://templatic.com/portfolio-themes/multipurpose-wordpress-theme','http://templatic.com/demos/?theme=showstopper','none',1,1,4,2,1,1,5,'','b64mM85ROafJ','yes',1,1,0,0,'',0,'no',0,0,0,0,0,0,0,'draft','pending',0,0,0,0,0,0,0);
/*!40000 ALTER TABLE `themes` ENABLE KEYS */;
UNLOCK TABLES;

--
-- Table structure for table `users`
--

DROP TABLE IF EXISTS `users`;
/*!40101 SET @saved_cs_client     = @@character_set_client */;
/*!40101 SET character_set_client = utf8 */;
CREATE TABLE `users` (
  `id` int(10) unsigned NOT NULL AUTO_INCREMENT,
  `username` varchar(255) COLLATE utf8_unicode_ci NOT NULL,
  `password` varchar(255) COLLATE utf8_unicode_ci NOT NULL,
  `created_at` timestamp NOT NULL DEFAULT '0000-00-00 00:00:00',
  `updated_at` timestamp NOT NULL DEFAULT '0000-00-00 00:00:00',
  `remember_token` varchar(255) COLLATE utf8_unicode_ci NOT NULL,
  `email` varchar(128) COLLATE utf8_unicode_ci NOT NULL,
  `nicename` varchar(128) COLLATE utf8_unicode_ci NOT NULL,
  `role` enum('user','vendor','author','admin') COLLATE utf8_unicode_ci NOT NULL,
  `first_name` varchar(64) COLLATE utf8_unicode_ci NOT NULL,
  `last_name` varchar(64) COLLATE utf8_unicode_ci NOT NULL,
  `location` varchar(128) COLLATE utf8_unicode_ci NOT NULL,
  `website` varchar(128) COLLATE utf8_unicode_ci NOT NULL,
  `bio` text COLLATE utf8_unicode_ci NOT NULL,
  `email_preference` text COLLATE utf8_unicode_ci NOT NULL,
  PRIMARY KEY (`id`),
  UNIQUE KEY `users_email_unique` (`email`),
  UNIQUE KEY `users_username_unique` (`username`)
) ENGINE=InnoDB AUTO_INCREMENT=4 DEFAULT CHARSET=utf8 COLLATE=utf8_unicode_ci;
/*!40101 SET character_set_client = @saved_cs_client */;

--
-- Dumping data for table `users`
--

LOCK TABLES `users` WRITE;
/*!40000 ALTER TABLE `users` DISABLE KEYS */;
INSERT INTO `users` VALUES (1,'admin','$2y$10$t8FUpd90aQvPUnp56Ly2WuGK91e4ypQxi.eC3DWTTBxYjIROC1doO','2014-08-25 20:24:55','2014-10-13 19:04:18','1M2UFfyJr3sUtFSFCSnVZngMAICPOcejD9P4yO2pKAAKRTY0EHxcAaucGs2f','dzy0451@gmail.com','Admin','admin','','','','','','{\"updates\":\"true\",\"products\":\"true\",\"blog\":\"true\",\"give_aways\":\"true\",\"free_themes\":null,\"recommendations\":null}'),(2,'zhiyan','$2y$10$Oh65JIocuaopP8H8vic9gu1i0benls/u6pshc0zIBepdMyAcisEC6','2014-08-25 20:24:55','2014-08-25 20:24:55','','dzy0451@163.com','Zhiyan','user','','','','','',''),(3,'pavel_korchagin','$2y$10$xcKfI57h/r/pRWql1NYxD.osrPeDYL4VI7/SPPJjDJQlnG.tHvOea','2015-07-24 22:25:02','2015-07-24 22:25:02','','pavel.korchagin52@hotmail.com','','user','','','','','','');
/*!40000 ALTER TABLE `users` ENABLE KEYS */;
UNLOCK TABLES;

--
-- Table structure for table `vendors`
--

DROP TABLE IF EXISTS `vendors`;
/*!40101 SET @saved_cs_client     = @@character_set_client */;
/*!40101 SET character_set_client = utf8 */;
CREATE TABLE `vendors` (
  `id` int(10) unsigned NOT NULL AUTO_INCREMENT,
  `name` varchar(255) COLLATE utf8_unicode_ci NOT NULL,
  `created_at` timestamp NOT NULL DEFAULT '0000-00-00 00:00:00',
  `updated_at` timestamp NOT NULL DEFAULT '0000-00-00 00:00:00',
  PRIMARY KEY (`id`)
) ENGINE=InnoDB AUTO_INCREMENT=5 DEFAULT CHARSET=utf8 COLLATE=utf8_unicode_ci;
/*!40101 SET character_set_client = @saved_cs_client */;

--
-- Dumping data for table `vendors`
--

LOCK TABLES `vendors` WRITE;
/*!40000 ALTER TABLE `vendors` DISABLE KEYS */;
INSERT INTO `vendors` VALUES (1,'- No vendor -','2014-08-25 20:24:55','2014-08-25 20:24:55'),(2,'ElegantThemes','2014-08-25 20:24:55','2014-08-25 20:24:55'),(3,'PremiumPress','2014-08-25 20:24:56','2014-08-25 20:24:56'),(4,'Templatic','2014-08-25 20:24:56','2014-08-25 20:24:56');
/*!40000 ALTER TABLE `vendors` ENABLE KEYS */;
UNLOCK TABLES;
/*!40103 SET TIME_ZONE=@OLD_TIME_ZONE */;

/*!40101 SET SQL_MODE=@OLD_SQL_MODE */;
/*!40014 SET FOREIGN_KEY_CHECKS=@OLD_FOREIGN_KEY_CHECKS */;
/*!40014 SET UNIQUE_CHECKS=@OLD_UNIQUE_CHECKS */;
/*!40101 SET CHARACTER_SET_CLIENT=@OLD_CHARACTER_SET_CLIENT */;
/*!40101 SET CHARACTER_SET_RESULTS=@OLD_CHARACTER_SET_RESULTS */;
/*!40101 SET COLLATION_CONNECTION=@OLD_COLLATION_CONNECTION */;
/*!40111 SET SQL_NOTES=@OLD_SQL_NOTES */;

-- Dump completed on 2015-08-02 22:49:32
